transaction_id,account_id,customer_name,phone_number,account_type,transaction_type,amount,transaction_date,status
f7fc9db1-f567-43e2-bf56-632d0360eee2,2b3410cd,Jason Figueroa,2264369869,Checking,Transfer,3003.46,2026-03-31 10:07:42,Pending
6c02f3a1-b756-4e90-96b9-ce8f0a931e09,ed28880d,Richard Barnett,3770012704,Investment,Withdrawal,1146.96,2025-08-27 08:19:44,Completed
1d1a5082-6be2-44bd-8faa-cc5009db527e,7d3eeeff,Benjamin Hernandez,2720444147,Savings,Deposit,4522.01,01/09/2026,Pending
90d1c5f1-f2a5-49ae-a92e-49591611020c,1cd36339,Sara Jordan MD,7112681956,Investment,Payment,4169.27,2025-11-27 02:04:28,Completed
dc19fdd4-8f55-4eab-98d7-647b834c2446,085c9173,Paula Williamson,4488912268,,Transfer,2834.54,2026-02-28 12:23:10,Completed
54cc20be-1e56-43cb-b9d3-b8d7e6e37971,a5461731,James Mercado,0156048346,Credit Card,Payment,$2237.58,2025-12-05 20:59:00,Pending
36a97253-fc5f-4fcd-b638-7e91d35761f1,80efcb1e,Matthew Patel,0127724937,Savings,Transfer,4502.31,2025-10-27 13:26:17,Completed
df67befa-b30d-4ba4-9305-db59f48b892c,c93fc20c,Tom Ellis,6849605204,Checking,Payment,$4541.55,2026-03-08 19:54:42,Completed
0e121e82-6143-4279-bc7a-8c09ff39eea9,6f1f6c15,Diana Benitez,3592876986,Checking,Deposit,2729.68,2025-09-03 08:12:23,Completed
083d7f93-c10f-4c8e-bd6f-0ab2951738a7,acdbec6a,,9503420530,Checking,Transfer,4606.44,22-11-2025,Completed
7f78e978-3ab7-49ba-bcad-5036933bea75,4f79728f,Aimee Grimes,0955699350,,Withdrawal,4326.15,2025-09-03 23:02:21,Completed
9ce4687a-d7c6-4103-9c9c-b2ab3ca90794,f7552f71,Brian Phillips,7761216601,Investment,Payment,2207.44,"September 03, 2025",Completed
51e19c64-feab-4ae4-b092-bc5a7bba37e7,a9139060,Renee Francis,5893414680,Investment,Deposit,1257.57,2026-02-17 14:29:19,Completed
aba81cec-ddde-4bb7-97ba-b09c91f693f4,8190d3f7,Chelsea Fischer,8876889447,Credit Card,Payment,3897.96,2025-12-22 19:09:21,Pending
ae4a8d2d-5a06-49b5-a08d-4929afa46159,91b1679c,Samantha Brooks,9903944857,Investment,Transfer,4566.75,2026-04-28 08:35:12,Completed
9f80fef7-a035-476c-acf8-950c0db7c370,23784a03,Brooke Williams,7898892632,Checking,Transfer,4325.41,2026-02-09 22:50:34,Completed
20382d6e-7c75-49dd-907a-6d0d667cb2e7,ff5f563b,Katie Brown,2415661257,Investment,Transfer,1568.82,2025-12-28 18:26:57,Pending
f3fdfa31-5dd3-4984-9241-4484424ce3d9,695b1b1f,Dennis Castaneda,1404588422,Credit Card,Transfer,658.95,2025-10-22 01:57:36,Completed
48c2bfd7-017d-425d-bcae-9ccc28980b39,14028742,Cheryl Brown,4280418927,Investment,Withdrawal,2379.0,29-08-2025,Completed
0ece47b7-68dc-445a-90d3-e1106017370e,8af6cf53,,2425758980,Checking,Deposit,4264.2,2025-12-26 11:45:28,Completed
d65ecbab-33fe-4fb3-9445-6db0447636f7,c1e63717,Lisa Erickson,4569427390,Investment,Withdrawal,3166.47,2026-02-20 09:19:02,Completed
ed9feae1-ab6d-408b-b033-061dc7a7272a,9afe6985,,9299683439,Savings,Deposit,2628.03,2026-05-25 23:23:25,Completed
cac59f75-130d-476f-a38c-6f63c4b7e30a,fb62ea7b,Brian Dixon,5738643532,,Deposit,3222.96,20260110,Completed
64e6063b-c5d6-4ef9-8eb1-2857603afe18,bb541e48,,1260774324,Credit Card,Deposit,3760.73,2025-11-13 23:09:45,Completed
e0e648e9-6e03-410a-9823-02dbd3e8fdd6,131465d2,David Garcia,6991888268,Investment,Payment,3798.51,2025-09-17 22:02:32,Completed
8d0a01c9-3010-4df5-a414-9f937ac800cd,69ab26f1,Lisa Wong,4749406584,Checking,Payment,2766.11,2026-05-11 15:19:42,Pending
09339f4a-1df0-48ad-95fa-61ecbce5d801,5ed2b1ec,Robert Barton,7006947601,Investment,Withdrawal,4065.5,2026-04-07 14:50:42,Completed
c5afab2b-1335-4590-9627-a984e4d98ec8,c12f049f,,3125767292,Investment,Withdrawal,4318.78,2025-07-29 22:44:43,Completed
52c59027-237a-4580-92f2-204a2706580e,fffe4129,Michael Campbell,3631130051,Checking,Payment,896.59,01/15/2026,Failed
da834cb4-bfbc-4759-a406-e55ed990b683,7b2ac9ae,Kimberly Johnson,2545444836,Investment,Payment,2601.9,14-01-2026,Completed
1342c85f-70ea-420a-bd04-1963833e769d,6d9c5203,Fred Walton,2335493501,Credit Card,Transfer,577.02,2025-07-28 14:27:34,Completed
822dc1d1-8887-4c86-9759-5715fe0f84ad,a5d9b3f5,Tamara Day,9250169098,Credit Card,Withdrawal,1848.32,2026-01-05 21:11:35,Completed
285568cb-ce8e-4da8-ac8e-39b8629d09cb,f4347ab2,Raymond Lewis,3949299246,Credit Card,Payment,4974.19,2026-05-09 20:02:18,Completed
095db085-4106-4126-abb9-a4f712dcf913,0a42465c,Barry Gates,4935994534,Credit Card,Withdrawal,2158.47,2025-09-12 00:40:01,Completed
47e6dda9-e213-4499-a1f8-b677d8aaf11e,daaa7fb1,Courtney Henderson,7140713615,Investment,Payment,306.79,2025-10-14 04:41:05,Completed
34d90685-f162-4121-94c3-91b695ff4a4a,ca8a067f,Jessica Padilla,5241724973,Savings,Withdrawal,2595.82,20260108,Completed
4a743c66-b2c2-43c6-8a69-1e88140a5dec,de958f9f,Daniel Pugh,8696809181,Checking,Transfer,$395.08,2026-05-31 14:48:34,Completed
e43368b3-9322-4e40-a9fc-de8e8e5baf19,6efe28e6,Mrs. Jennifer Richards MD,3286074825,Investment,Withdrawal,579.58,2026-02-09 23:22:32,Completed
bb110992-669e-48f9-8cd8-f2a7fefa9c33,d77cd793,Justin Willis,1664419792,Savings,Withdrawal,4783.51,2026-04-17 07:17:40,Pending
e79bad90-1791-41b0-a994-31e014a9eea1,46bf4e6b,Justin Clark,5441183589,Credit Card,Withdrawal,3002.99,"September 11, 2025",Completed
bc94c7b2-d2bd-49e7-a9ab-8344c1fb1318,9b8f1587,Christopher Stein,1737691784,Investment,Payment,1136.29,2026-05-11 23:54:43,Completed
56023f3c-431d-4754-b1ae-e7fe84e98059,8476537c,Shannon Keller,6320737711,Checking,Transfer,3251.27,2025-09-28 05:28:22,Completed
c95a9982-0724-45ec-9f38-bcd559e4831c,f78bc951,Victoria Nielsen,7138739460,Checking,Withdrawal,150.59,12/10/2025,Completed
88a3f08f-dc39-48f6-95a1-0dcaefd9c56a,e1296374,Helen Lee,3754517185,Savings,Withdrawal,1083.55,31-05-2026,Completed
3266f299-85f0-4d86-aa43-efe0e17ae64d,e6d8aad4,Amanda Taylor,8224714275,Savings,Withdrawal,3129.61,2026-02-11 03:19:40,Completed
b3bc0880-26e1-41c0-892e-8fcff622fee7,cd69cbc5,Shawn Sanchez,7479871277,Credit Card,Withdrawal,3415.77,16-05-2026,Completed
bd48c228-4d99-4192-9363-0a4877e0bfc8,aacb31ab,Nicole Hancock,9767406823,Credit Card,Deposit,197.77,2026-05-27 03:06:45,Pending
eeeceddc-87b8-432f-a80b-b6fc453b5387,bbc20105,Lori Smith,7779364819,Investment,Payment,1376.62,2026-01-10 13:14:38,Completed
7975d68a-4fac-4f58-a11b-2d29e49a3d55,ebff2884,Sophia Blackburn,5827385145,Investment,Payment,1957.78,2026-03-15 10:36:05,Completed
6f110c55-7767-4bac-9b57-3b3cae7179d3,4601a978,Tammy Jones,3831779193,Savings,Transfer,3499.65,2025-12-11 01:55:07,Completed
01dfd7b6-eb85-4d61-aa0e-885742d48940,739928db,Nicole Goodwin,0242871151,Credit Card,Transfer,1130.37,2026-06-11 05:18:24,Completed
022b6f3b-0f2f-410c-a2b6-8246097fc5c3,60b5ae04,Dr. Bradley Villarreal,8954910799,Credit Card,Transfer,471.58,2026-03-07 14:56:26,Completed
4acbef7e-b196-4ce6-8ce6-0a5ea699c31c,e7bad2c2,Shelia Simpson,7050349492,Savings,Payment,2370.21,2026-06-03 15:46:59,Completed
55866f4d-f8e7-4d4f-995f-6edb20c51aa2,bdd5a62c,Andrew Vance DVM,1662230630,Checking,Transfer,1958.1,2026-02-18 14:41:06,Completed
9c512bff-1b28-407e-839f-b6ef2df614f3,888f3911,Sydney Harris,3944481010,Checking,Withdrawal,4330.68,"March 29, 2026",Completed
e723c0e2-7741-4cc3-9b51-db9c0e108bf4,8bd82cd7,Kelsey Christensen,6253301738,Credit Card,Transfer,1701.22,2026-05-24 19:25:26,Completed
a8f8f576-b86c-4f89-b313-3dcd940fcf56,48d517f8,Bryan Leach,2441481675,Credit Card,Transfer,4856.8,2026-04-07 12:44:00,Completed
b2424597-8f60-432d-a641-dcbf9473d922,57c36cd5,Paul Andrews,2079069323,Savings,Payment,233.69,2025-11-03 13:59:39,Failed
897cee2e-ab79-4eb7-9b3c-36094044a5d2,6f9c483a,Mario Collins,8571600241,,Payment,136.01,2026-04-06 07:50:40,Completed
1b36400a-dab5-4d39-9f55-8a8db0d2e749,94394790,Judy Walker,1574924451,Credit Card,Payment,2281.01,2025-08-03 00:22:29,Completed
3a6f5482-a265-415f-9a96-f08a27e795d1,38f2f079,David Allen,5013709421,Credit Card,Deposit,597.12,2026-06-17 00:08:24,Pending
8ee514e6-ba07-416e-a3ca-e57a8c579b1d,8864ee96,Walter Owens,8075117201,Savings,Transfer,785.65,2025-07-25 19:51:45,Completed
b7e718b0-4172-461f-8f49-7096ef07b29f,7499fa70,Mary Wilson,5539021290,Credit Card,Withdrawal,$685.49,02/04/2026,Pending
2133f1be-6655-487a-8133-7756e57d4c2a,eeecadc2,Paul Chan,2037897571,Checking,Transfer,3880.5,2025-08-04 06:08:18,Completed
7063a3c4-ebbb-42ae-9daf-bb4fb36313a6,9351b68f,Andrea Hoover,0876556871,Investment,Deposit,4065.7,2026-03-26 08:47:14,Completed
8a9b84a3-fd20-4145-bf1d-3f9d1a6e9bc6,4ae3b490,Kimberly Jones,8251907692,Checking,Deposit,1415.83,2026-05-19 03:44:27,Completed
581ebc12-2d5b-42cc-b3d7-4442d92e4cd9,0adfc919,Shannon Johnson,3393911796,Investment,Withdrawal,1835.28,2025-10-09 02:00:02,Completed
f4bd478e-ab81-4b83-b89c-950c112a885c,a1cb70e2,Anthony Alexander,5461301407,Checking,Withdrawal,617.95,03-08-2025,
c1ae9af9-184b-451f-8642-679da679fe20,f1bd9aaa,Leslie Clark,8482825494,Investment,Payment,$2571.86,2025-07-27 23:24:21,Completed
53c0f1e0-f0ac-4ccc-9749-009e59f09e83,2a051063,Dominic Martinez,1360829946,Credit Card,Transfer,925.79,2026-01-08 01:26:00,Completed
59237f53-9651-4af7-8d39-09ab39e28599,d438bd51,Stacy Estrada,1566826910,Investment,Transfer,3877.58,2025-10-17 02:56:22,Completed
c6141499-faca-4944-8a48-efe79880b7e5,d14c1f5c,Kristy Kelley,9160157750,Credit Card,Deposit,$4967.69,2025-10-10 15:07:36,Completed
0934bfc9-8942-4c96-9beb-74438ddef94b,2aa1a177,Daniel Arellano,1274374348,Checking,Deposit,-1262.24,2026-03-05 23:25:57,Completed
8c0ed24b-acb0-467b-ae9d-73181c730dbe,8aaf884d,Robert Brooks,8283094812,Investment,Deposit,2445.09,2026-06-13 22:49:24,Completed
765757a5-ae92-440e-a953-3103d2648020,43814ea3,Joseph Moore,5881999220,Credit Card,Deposit,3588.04,2026-04-16 12:03:34,Completed
b52805f6-f80f-43dd-9eac-bde1fbff92e5,ab98ebdc,Austin Cobb,9341796134,Savings,Withdrawal,380.09,2025-07-31 03:05:10,Completed
dd8ab680-c644-47bb-a71f-4dda33f7fee5,e6b8be64,Tara George,6750666400,Investment,Transfer,3381.43,2026-03-21 12:05:29,Completed
e160e949-dc7b-4254-8e79-89e822dbbd32,1cc78a77,Rick Ortiz,5725842597,Savings,Payment,300.66,2026-05-08 21:10:26,Completed
b97b1c47-aec0-477b-85ac-f99d0bd4c0b2,ff760c07,Scott Morgan,8230050955,Credit Card,Transfer,$970.85,2025-09-01 13:55:41,Completed
dd45f657-2ff3-4527-8cdd-a24b3f9f3053,edfa0ba5,Corey Rivera,0858981156,Savings,Deposit,851.19,25-12-2025,Completed
24cfc1c1-145c-49e1-a27d-9f69abc8aa5e,ae355120,Jeff Davies,4049672745,Savings,Withdrawal,4753.72,2025-11-25 08:48:50,Completed
054dac15-0f4b-4cd0-8f17-66db989fb607,5c3d8b4a,Matthew Duarte,0530776424,Investment,Payment,708.93,20260707,Pending
92911fbf-ec63-49ce-9b06-335548d0a3fd,e984a3d1,Stephanie Powell,4877634375,Checking,Transfer,1673.88,2026-03-23 23:29:29,Completed
8b83292c-0594-46c2-9eeb-58d41051632c,52585da4,Sharon Garcia,6991993135,Investment,Transfer,2830.65,20-05-2026,Completed
a3ca0a87-950d-45e4-a7e3-64b09435655e,08d62408,Kathy Long,6474613397,Investment,Payment,3554.35,20260612,Completed
bf738875-1300-4e9d-ac8e-2816cb9ae697,60b80f86,,7605259035,Savings,Deposit,-1262.49,08/05/2025,Completed
31b34661-8ee9-4286-8f2b-f5fc8253a947,d6466366,Sara Stanley,8987803567,Savings,Transfer,4433.53,2026-03-17 19:00:09,Completed
822dc1d1-8887-4c86-9759-5715fe0f84ad,a5d9b3f5,Tamara Day,9250169098,Credit Card,Withdrawal,1848.32,2026-01-05 21:11:35,Completed
ca3452e0-be71-4822-80a9-73e7dc49aa24,75b21563,Christina Johnson,5429959600,Credit Card,Deposit,4504.55,2026-03-23 09:51:48,
1ce3cfe1-d853-4647-9713-caa2fc966bb4,3c051adb,Angela Taylor,6450781088,Savings,Withdrawal,1461.7,2026-04-26 12:38:51,Completed
1abe7da3-9b9f-4aa2-9bdb-d5d5aa13b83a,00865fae,Dominique Horton,3058935235,Checking,Deposit,772.74,2025-11-11 12:22:39,Completed
a0456f20-3f7d-448e-aed2-b3aa80349926,5258aac8,Andrew Hanna,9020992262,Checking,Withdrawal,3763.64,2025-12-20 14:04:54,Failed
7f4f1b57-0972-4a50-aa19-eeffc9041fb3,9de52ed1,Cheyenne Sweeney,6854588438,Checking,Withdrawal,2096.84,2025-12-08 21:00:57,Completed
551e69f7-7480-4725-aac8-3c0cb8137a26,e06e8f3a,Christopher Lee,0413977799,,Payment,4003.9,2025-09-29 22:32:12,Completed
8e4b17b5-070f-4b7f-acfb-af43ccbc41f7,17c27e04,Dorothy Roberts,3743824837,Investment,Transfer,3327.54,2025-11-19 07:33:32,Pending
63623ebf-5b34-4590-9506-76f8953c945e,015758cd,Danielle Macias,6158196995,Credit Card,Withdrawal,1038.65,05/16/2026,Completed
9402b91e-4bf5-4a5f-bc85-f5c50ce2fcc4,9712960c,Katrina Krueger,7477557029,Investment,Transfer,3410.58,2025-10-23 09:17:55,Completed
7515c3ba-fe72-4efb-ae60-c231863b39b7,4300c8a0,Lydia Olson,4406456445,Savings,Withdrawal,$3657.99,2026-05-16 01:58:40,Completed
38f9e564-3bfa-45e4-a88b-1fbd95d1f28c,dd7b0ec2,Elizabeth Long,4950610971,Checking,Transfer,4569.45,2026-03-29 13:48:20,Completed
5aca61c5-2888-44b9-aeaf-354eb3328de0,e3fecf5a,John Parks,9355492456,Credit Card,Withdrawal,$3709.19,2025-12-08 21:28:56,Completed
595ff45f-4092-4e16-b1d5-0439c224d1ba,b69ff966,Donald James,2830970251,Investment,Withdrawal,1028.44,2026-02-25 23:36:18,Completed
e64beeb2-3356-4f27-b5bd-70fa0b18e998,41b6b917,Randy Osborn,7728777311,Savings,Payment,$1591.09,2025-10-20 01:47:35,Completed
bc21af7f-4c89-46ea-b7c4-64fd092cf7e4,0258a5f4,April Bennett,2526039900,Credit Card,Payment,2406.04,2025-09-01 15:42:20,Completed
9f66c527-37cb-4625-a1d2-68198fc567c6,d2e8558e,Latoya Jennings,3963944167,,Deposit,100.88,2025-10-01 19:29:44,Pending
a3814c8d-fdac-46e2-9c4b-d88453703814,7a5e2085,Michael Rodriguez,2657015462,Savings,Payment,3755.88,"January 17, 2026",Completed
6918682a-6d48-4210-a454-948bfd4bf6fa,07a92420,Melissa Smith,4486840648,Credit Card,Transfer,356.61,2026-03-25 01:27:18,Completed
0717d032-68fc-4050-8123-0f192967bb44,6839f03a,Timothy Graves,2479139838,Investment,Deposit,-487.01,2026-01-17 15:22:38,Completed
7f270ec4-758d-4635-b263-3cc71c883c15,e0918cd8,Anthony Hawkins,5947313742,Investment,Payment,2462.8,2026-03-03 08:37:58,Completed
3e6709ef-8b6a-4eba-b22d-9c39477d1982,84075777,Melissa Drake,5343289265,Checking,Deposit,-1846.8,10/19/2025,Completed
85bb86dd-1727-44f3-952c-389eb7d04ed8,2117a82e,Natalie Bell,0949074198,Checking,Payment,1485.18,2025-09-20 18:43:57,Completed
81c77579-4978-4c59-a9ac-127121c89096,f8c6df10,Kimberly Cook,3396490441,Savings,Transfer,3772.55,2025-10-05 15:33:56,Completed
55f986a5-bf2f-411e-bc0e-de6746d78f48,4d3f4a89,Richard Daugherty,9715727667,Investment,Transfer,3092.29,2025-09-07 15:51:22,Completed
07ebf95f-c227-4b2c-89d2-1d3a37fdec77,6a6d8513,Jason Fox,7427553859,Investment,Deposit,2245.26,2026-06-09 05:46:27,Pending
3dbee67d-ff46-4094-8742-52bb324948a1,62cb3538,Courtney Lawson,6155420495,Credit Card,Withdrawal,3445.31,2026-04-03 09:54:13,Completed
8e0ae523-89b4-4f23-b3cf-37622bac6d4e,f046f68b,Jamie Lee,5084865820,Savings,Deposit,4004.22,06-08-2025,Completed
c2a76b89-4007-4396-b1b5-eb29154dfa3e,5cddc749,Steven Arnold,5250645174,Credit Card,Withdrawal,1986.28,2026-05-22 20:58:33,Completed
c3f782ac-40c9-44f5-94b6-b830686336b3,44c6dd27,Curtis Woods,1383458199,Credit Card,Transfer,4359.7,2025-12-14 10:26:59,Completed
e8cc8742-83d6-4c76-840a-7eb9182785ed,3243c4ea,Charles Keith,7849896649,Checking,Deposit,2064.63,2025-10-03 16:48:26,Completed
5a011a09-9ab3-4cd5-8109-15ec3f8eddc5,76d98842,Willie Lewis,2410720582,Checking,Withdrawal,$2079.12,2025-09-28 14:33:08,
4ec4b8de-44f4-44ca-84bd-e0f2d320f272,c1a0f2a5,Zachary Crawford,6048087495,Investment,Payment,4265.54,2026-03-28 19:17:58,
31dba34c-ae81-43e9-817f-8d17651b14e3,f12c4da6,Kevin Brown,5336004652,Investment,Withdrawal,3664.23,2026-03-03 12:59:09,Completed
15c2d161-49a2-4c5f-82c8-d42f9245a2c5,9bfef166,Nicole Mendoza,9020349950,Investment,Payment,2684.67,"August 18, 2025",Completed
dca25388-f65e-494c-be14-d177312f754b,fb893bc4,Steven Edwards,0995481089,Savings,Payment,$313.95,2025-11-23 13:39:17,Completed
f3fdfa31-5dd3-4984-9241-4484424ce3d9,695b1b1f,Dennis Castaneda,1404588422,Credit Card,Transfer,658.95,2025-10-22 01:57:36,Completed
369ca124-5938-4977-a2f1-7ea769de1430,20e0049b,Amanda Maxwell MD,3971050976,Investment,Transfer,134.33,2025-12-06 08:32:56,Completed
8df7da07-a73b-423a-a090-112e8e0f4d65,efe4d7e5,Maria Howard,3530057389,Investment,Deposit,1088.88,2026-01-31 17:52:59,Completed
4c13ab9b-a007-4cd0-baa7-8e87928b6fe4,5702135b,Frederick Park,2844947514,Credit Card,Payment,$4730.82,2026-06-06 11:49:04,Completed
f129ad80-af1a-4245-a239-7e1b06189e5c,33496b24,Catherine Henry,8253453130,Checking,Deposit,3129.27,2025-07-16 08:57:51,Completed
e9a0a9f4-ffcb-464d-a22d-cc00278863db,eb0216c3,Christina Wilson,1741254859,,Deposit,$-3541.66,2026-06-01 16:07:37,Completed
1746636a-aa51-4daa-8f7d-bd0bb09ac2c1,3b912811,Aaron Alvarez,7325027037,Investment,Deposit,4846.99,2026-03-16 12:02:49,Pending
2208d919-e5d8-4b66-89bd-5e9d1d55563b,43843127,Andrew Johnson,3564698231,Investment,Payment,4724.57,2026-06-16 06:51:03,Completed
c1791c8b-932d-4509-982e-65b5bb19392f,4b2b5ad3,Rebecca Ewing,0300493373,Savings,Deposit,$944.39,2025-10-03 06:58:33,Completed
163e4b58-f379-40bf-b6ad-60c2493089af,3a45e155,,8501241558,,Transfer,4493.72,2025-08-24 07:45:45,Completed
e071402c-245e-498e-bd5d-46404a75ec4b,096301c3,Ryan Reid,2050449116,Checking,Transfer,4263.02,2025-12-28 13:09:03,Failed
285421e6-4409-4b0b-bc40-75052505db90,1edf1815,Shane Gordon,0417905506,Checking,Transfer,1083.65,03/06/2026,Pending
42f8492a-443e-431e-82db-ad60ad83864a,d8d3dad0,Jennifer Hartman,1031124600,Checking,Payment,3161.76,2026-07-01 21:02:11,Pending
5785b8b5-18b6-4491-b5aa-45ec2ee78517,b824d969,Douglas Torres,4166628721,Credit Card,Withdrawal,2438.82,2026-03-07 13:30:26,Completed
02a34667-59dd-4b86-aea0-f4bf3a441c8d,5cfb61a5,Jeffrey Holmes PhD,2280974143,Investment,Withdrawal,2791.17,12/03/2025,Completed
749e28e7-f084-44bf-967c-cf85ea6ae4ea,3427c9c5,Jennifer Lester,4308870816,Investment,Deposit,1411.59,12-09-2025,Completed
4b27e0f9-7a3b-4e43-80cc-55a20b0eea45,19cb2af1,David Hughes,2944104299,Savings,Transfer,3250.96,2025-08-21 06:43:46,Completed
e5cf442e-a68c-4cb4-869e-4e600827d1d8,79073911,Jonathon Jarvis,4103963355,Savings,Deposit,-1130.25,04/15/2026,Pending
8a40751a-7c9f-4a58-b76b-da83f44371bd,9310fdec,Mrs. Emily Mendez,0660990406,Savings,Transfer,3636.62,20260501,
a213b3bc-ec75-45ed-be51-8d67ae9e378d,219bcefe,Vanessa Fitzgerald,4889760521,Credit Card,Transfer,2811.48,2026-01-28 00:45:45,Completed
69effcb7-ed97-4547-853d-33ca6deabdf5,4c8c3076,Sean Stephenson,7781049243,Checking,Transfer,$4638.02,"October 08, 2025",Pending
0396805a-d3f2-4a5d-9840-2221d8843038,074fb70b,Mark Barrett,5512053661,Checking,Transfer,878.28,20260407,
e6a0989c-6604-4ef6-9388-c7d0f35c4924,33f2acdf,Craig Strickland,6531228147,Investment,Deposit,-4467.52,2026-03-15 01:44:53,Completed
61bb9e5e-02ee-48c3-afab-6ca6e6bf37ab,53f8d1d4,James Gordon,8813497528,,Payment,1442.66,2025-12-29 06:45:26,Completed
57e65606-f6df-44a0-b759-11d7eccb4183,791cce2f,Tiffany Cline,3390818945,Credit Card,Transfer,2621.9,2025-07-14 04:33:05,Completed
32031bf3-c62a-4d95-b563-1063fd97bda6,ed43e15a,Kenneth Wade,3348976228,Checking,Transfer,3307.82,2025-11-28 07:09:47,Pending
9dc96a6f-0ca5-4113-aa75-2b2213989757,baf326ce,Amanda Tucker,1686263330,Credit Card,Payment,2159.31,2025-07-27 20:36:19,
b4457723-7ccc-40f8-8104-5f674d682e41,91ff1cf4,Angela Duke,7944992051,Checking,Deposit,2817.94,2026-04-27 12:17:33,Completed
81672df1-c011-4297-850d-3c578d7b70f1,7a2ed7ee,Nathaniel Vaughan,8512931235,Credit Card,Transfer,1611.62,2026-04-01 05:31:03,Completed
b8a5ebd4-8921-4923-9296-74585350d79f,d9da8591,Heidi Cook,5124758920,Investment,Payment,936.55,11/11/2025,Completed
9ed84689-9cc1-4612-9fd7-bbfc19657ed5,394fe4e7,Daniel Scott,6640373906,Credit Card,Deposit,$-2235.27,2026-02-27 22:04:49,Completed
920250a4-246e-4f27-9e77-69750297e912,42285ebe,Amber Walker,5883932568,Checking,Deposit,836.16,2025-12-08 17:19:13,Completed
d17966b2-5ae2-4222-966f-c664262e594c,0ded5a4a,Sarah Holland,7847459440,Investment,Deposit,-2559.79,2026-03-03 19:17:52,Completed
521198ee-3902-4bad-af24-2ce96fc62d9d,703d05e8,Daniel Tran,9638851647,Credit Card,Withdrawal,629.17,2025-08-02 18:46:06,Completed
f1efb3dd-2582-4521-8602-2d19a5ffd150,8d0355e9,Katie Lambert,4885788917,Investment,Transfer,215.8,2026-03-23 18:20:40,Pending
a27f598e-ba7a-4bcf-9d04-0312f4e1b0e6,6273aaff,Regina Walton,6749471263,Checking,Transfer,2190.2,2025-09-10 21:16:29,Completed
08c43c96-c277-46f9-bf4c-24c02fd21f29,3d840b47,,2161198441,Investment,Deposit,586.96,2025-09-26 02:48:59,Pending
39ca736a-6405-49cf-9261-116463d42eba,4abb267c,Anita Wright,9678600606,Credit Card,Payment,210.07,2026-01-30 18:22:08,Completed
d3a3d9bd-0d93-49ff-a656-4cd9669032ab,3d1dc9fa,David Burnett,9137294780,Savings,Transfer,$2613.22,2026-02-19 19:32:33,Completed
1e83888c-5e9e-4c04-9e2d-e21fb3940b7a,241c5c0e,Angela Nguyen,7999182520,Credit Card,Payment,$3954.2,2026-03-11 02:57:34,Completed
62d203c2-a7cc-49a7-8fe7-2542f697a109,85604473,Anna Lee,5387500628,Investment,Deposit,3400.67,2025-10-15 21:23:02,Completed
e92199d7-ecd6-4b5d-adc5-ff564d8fcea4,a62d5300,Debra Goodwin,0195816377,Credit Card,Transfer,4382.79,2025-12-15 23:39:05,Completed
787a073f-76a6-4b67-b93b-1da5deaa5c9a,c3abdc97,Jennifer Beard,6868720489,Checking,Payment,2115.52,2025-10-28 03:02:40,Completed
01efe6d9-6b34-415a-829a-5d891fdb2ecd,22266dd4,Brittany Heath,6449684288,Checking,Withdrawal,408.84,2025-07-28 02:32:25,Completed
d434b8da-f3d3-4ce4-95ce-97e0e2e335fd,3ea26cdc,Jamie Pena,7226695772,Checking,Deposit,3999.32,2025-08-15 12:26:45,Completed
00acd0b5-b363-4d24-80a0-7f4257193be4,cc58cf36,Kimberly Meza,5934373197,Checking,Transfer,2338.57,2025-08-07 14:16:05,Completed
ee4f6ec0-3f97-470a-9d93-9f901a2f9e00,c9dbe157,Jessica Martin,5131373714,Savings,Withdrawal,4473.76,2026-06-03 14:35:03,Completed
4b54cd9e-8430-4486-8a62-363bf51b0f83,f70108e3,Daniel Martin,1846958923,Savings,Deposit,4126.43,2026-03-22 01:00:35,
57e65606-f6df-44a0-b759-11d7eccb4183,791cce2f,Tiffany Cline,3390818945,Credit Card,Transfer,2621.9,2025-07-14 04:33:05,Completed
1cd31859-3651-49c0-9518-ff6a6055e00a,fd9694cb,Mary Rodriguez,6090978447,Credit Card,Transfer,4835.62,2026-04-29 17:59:11,Completed
7f78e978-3ab7-49ba-bcad-5036933bea75,4f79728f,Aimee Grimes,0955699350,,Withdrawal,4326.15,2025-09-03 23:02:21,Completed
a3fd4c06-a32d-4a8c-b403-e6ae6fa4abe9,aab54bdb,Sara Newton,7613956924,Investment,Withdrawal,1598.49,2025-11-06 03:47:12,Completed
6626259e-5ddb-48cc-bd23-6e3131ca2ee3,d9f127c2,Mario Waller,8225507628,Investment,Withdrawal,3900.86,09/09/2025,Completed
c1b2b759-7e5a-43a9-afda-4ca28dee30d2,67c6482a,Amber Wallace,1139702381,Investment,Withdrawal,1769.14,2025-12-24 15:46:37,Completed
da739005-346a-4f89-9d19-fd158493c0c0,51a8efb7,Amanda Duffy,3771933496,Checking,Payment,888.23,2025-11-06 08:12:56,Completed
1288ebea-0f16-42e4-9167-e60e14897e16,49a8a2e6,Amy Rodriguez DDS,3322789469,Savings,Payment,3809.34,2026-06-12 08:57:48,Completed
486f4285-6f88-43a2-9169-e91bccb6891f,6a19c95b,Michael Lopez,4993899758,Checking,Payment,4316.97,2025-10-17 04:46:29,Pending
f4bd478e-ab81-4b83-b89c-950c112a885c,a1cb70e2,Anthony Alexander,5461301407,Checking,Withdrawal,617.95,03-08-2025,
5d8f637d-fde2-4112-b197-87687d14ac9d,948939ae,Crystal Irwin,3274862083,Investment,Transfer,657.0,2026-02-10 02:43:55,Pending
8eff1c93-9b1c-4a5f-963b-d2284d6de548,1a154449,Christopher Carroll,7670240634,Credit Card,Payment,70.79,20251015,Pending
ef70d911-56c0-4d04-b74e-412f77bd285f,5390e1d4,Robert Christensen,6795054578,Credit Card,Withdrawal,3353.91,"November 15, 2025",Completed
f15b7e50-ba29-4f69-b6d0-7c38d082b578,d803e0dd,Wendy Logan,9312763834,Checking,Deposit,$3719.54,2025-09-21 06:24:14,Failed
40b7ac6c-c27e-4e95-b3f2-0107fe621913,fa018a2f,Rachel Smith,8904047094,Checking,Payment,1301.65,2025-07-26 05:12:13,Completed
4019adfb-f190-4c25-9a0a-b6d64b6a057f,4d118fd3,Melissa Smith,1663214297,Savings,Payment,3872.15,2026-03-01 04:45:19,Completed
8a5ef1dc-8322-4813-b4e1-e8af03866f29,f36c228b,Michael Santana,9772011255,Savings,Withdrawal,4281.27,2026-02-06 16:27:22,
dc71f3f5-e585-4318-9d8f-81960d1d3edf,1b46b789,Sarah Rogers,2854357057,Investment,Withdrawal,15.4,2025-11-22 00:48:06,Pending
2d56a298-8460-4cb5-ae94-3d54850af146,e79cd2f5,Tammy Russell,0522467503,Savings,Payment,2858.13,2025-07-29 17:25:38,Completed
9dc96a6f-0ca5-4113-aa75-2b2213989757,baf326ce,Amanda Tucker,1686263330,Credit Card,Payment,2159.31,2025-07-27 20:36:19,
24cefc36-daea-4f23-a246-965ee1bdb64b,fa4138d3,Jordan Castaneda,0265620639,Credit Card,Transfer,2328.69,"October 24, 2025",Pending
df92a4a7-d093-4f1d-b7d8-eb0668b9c35a,cc4586a1,William Vaughan,1636391989,Investment,Transfer,3405.58,2026-04-05 14:19:09,Completed
cc4099e1-42a5-4725-a9e6-72a417286cf6,9ebbce93,Robert Franco,8548738967,Credit Card,Transfer,4708.25,2025-12-01 23:52:07,Pending
f4741bb7-fa55-402e-b861-cc73261e1093,45fdc82d,David Yang,3346877781,Credit Card,Payment,1649.68,2026-02-17 17:20:03,Completed
4df36bf2-b1a6-426c-94e6-7d4ef7931f54,a8c2de9c,Randy Hawkins,8012286703,Savings,Deposit,-2189.13,20260118,Pending
3d199f02-c6f9-40b3-9927-c3ec2a51b184,962057c1,Michael Fletcher,1101793507,,Payment,1277.66,04/19/2026,Completed
1661e13b-19d5-43d5-9406-c76e43aee406,2cc29a63,Jeffery Adams,2511306099,Savings,Withdrawal,1564.75,2025-12-19 08:41:38,Completed
cd63eb7c-b59f-4806-8ac0-913d34185cc9,123edf12,Jessica Johnson,5748706897,Credit Card,Payment,4651.89,2025-09-25 04:22:14,Completed
571d0f58-6b05-4b25-a545-c49cdfb19f04,c650e676,Derek Horne,2944914506,Investment,Withdrawal,596.79,2026-07-02 00:59:09,Completed
19c79156-cfe0-4a1f-9d21-8fa4614857e1,2259741c,Jonathan Holmes,1552591202,Checking,Payment,41.27,2026-02-02 10:07:21,Completed
8a6c1d9d-c098-40f8-88c1-32fe9067ea67,3d7ed65d,Mark West,4061904698,Checking,Transfer,4886.71,2025-10-19 13:43:52,Completed
1d14abca-d068-415a-b166-43c966162a80,e37d718b,Edward Johnson,8853790842,Investment,Payment,712.85,2025-11-14 23:42:57,Completed
9ba667ae-313f-42b8-b470-a1f2832db371,65f5caf9,,0161722228,Investment,Transfer,2382.39,21-12-2025,Completed
84b11d6a-19ef-459a-8e57-fd4ecf9a5138,505b3f5a,Nathan White,0064260871,Savings,Deposit,4041.23,"July 11, 2025",Completed
e34bf2ce-dead-46f9-a3c6-6d2e34f24025,f9eee0b0,Cassandra Harris,9943754364,Investment,Transfer,2804.02,2026-05-14 12:43:34,Completed
0381e3aa-5416-4e10-8dd7-89529f8f5621,d0c76fe5,Daniel Wilson,9634508943,Savings,Transfer,4183.41,2026-06-15 02:04:12,Pending
2fb95ed0-cfc0-4413-bc55-70f20ae5e251,5fd1bec7,Kenneth Miller,8382705573,Checking,Transfer,3821.87,2025-12-20 19:43:08,Completed
3713b6c7-17d6-40eb-92a9-95740fa686be,e72b2f36,Shelly Soto,6352923006,Investment,Transfer,$4097.8,2025-07-25 20:32:20,Completed
e963edf7-b282-4451-a63d-ba623fe86c92,2b8a40df,Robert Hays,1038884890,Savings,Withdrawal,312.83,05/19/2026,Completed
658d88f3-dc50-4048-904f-edb7699ac256,d211b0b8,Terry Bell,0875666610,,Withdrawal,2576.84,2025-11-02 07:21:17,Completed
28f47f7a-67bb-42fa-b16e-e755696746a6,2fc33fd7,Daniel Knapp,3343676144,Checking,Payment,4119.18,04/29/2026,Completed
6c02f3a1-b756-4e90-96b9-ce8f0a931e09,ed28880d,Richard Barnett,3770012704,Investment,Withdrawal,1146.96,2025-08-27 08:19:44,Completed
79cabe70-8fea-4965-96bd-3bdf15a0b619,ba41aaa1,Adam Hernandez,2890647697,Savings,Withdrawal,$548.11,2025-07-28 20:33:34,Completed
a28c1a93-755e-4851-a3ae-23aa672cbff8,1014b6de,Juan Estrada,6972336815,Checking,Payment,$1332.78,2026-06-15 07:20:54,Failed
7ba826e6-f72c-4bd5-b182-0434bb724fde,aa77cd0e,John Everett,4008021731,Checking,Deposit,-4204.78,20260301,Completed
986eda16-dcd2-4fa1-b390-642599ffc188,81b6dc56,Matthew Bryant,6208381811,Investment,Transfer,4678.68,2026-06-12 15:52:31,Pending
3dbee67d-ff46-4094-8742-52bb324948a1,62cb3538,Courtney Lawson,6155420495,Credit Card,Withdrawal,3445.31,2026-04-03 09:54:13,Completed
ad150ea2-d097-45bf-9e6f-c8dac0a88fb4,3618630e,Rebecca Long,6006019264,Checking,Transfer,$2251.42,2025-12-22 17:19:56,Pending
4dc31b06-8780-4ad1-90c9-418541713cd5,09a7a101,Alec Henry,5371674184,Investment,Payment,470.1,2026-03-09 13:59:39,Completed
d8806b8d-e7ce-4636-a663-b5e9474a750d,56115034,Parker Nicholson,2081428076,Investment,Deposit,407.18,30-04-2026,Pending
d5e62e88-0029-4535-8330-c8106b5fc12a,b5646e52,Justin Ballard,0148423100,Credit Card,Payment,4589.2,2026-05-11 17:59:52,Pending
046ba653-1c4c-48e3-9ef3-d821d01d7cc2,fdd26a8a,James Ellis,6824421058,Checking,Withdrawal,3726.08,2026-06-02 04:15:34,Completed
a33d58e2-9dc8-43c3-8847-d389ee384252,86884eae,Kenneth King,0710714017,Credit Card,Payment,1495.66,10/18/2025,Completed
d51822f7-4e20-43ae-9ecf-bb86f60d0f45,61977d29,Mrs. Courtney Liu,9670267773,Credit Card,Deposit,3038.02,03/23/2026,Pending
ead560b6-b8ee-46c8-be07-223b3d061c36,b039eed3,Ariana Barron,9072573580,,Payment,1236.7,2026-06-12 22:01:19,Pending
6a2352f4-d933-49c7-8bff-582de572ce1d,22607782,Dr. William Jackson,8162216371,Checking,Transfer,$3320.92,2025-10-31 00:41:48,Pending
63b9cb8d-f7a0-4994-b932-46e7e4271ba1,05efd43c,Karen Dixon,1203075914,Credit Card,Transfer,4564.18,12/29/2025,Completed
d287a948-8b75-4ccc-a5ac-20fab6bf1653,e6c3aa14,Kimberly Bender,9301560749,Savings,Withdrawal,3907.78,2026-01-18 16:05:14,Completed
3cab0541-e485-4034-a188-9c30dd9ea727,ed4b2ecb,Seth Moreno,7459049691,Checking,Deposit,4459.55,2026-01-21 17:16:42,Pending
f144c385-cbe8-4def-9036-4ccd67c73d3d,8fa0183a,Kimberly Shelton,3825925052,Savings,Payment,3971.15,2025-12-24 13:57:57,Completed
ed930d79-799d-4f92-9742-17782fc904f1,437d6e93,Veronica Pollard,4748298020,Savings,Payment,743.06,2026-02-12 23:52:06,Completed
a01a58c7-5366-490f-8fa9-1dd605a8b701,23861ee1,Darryl Schmidt,3654970702,Investment,Transfer,4332.87,2025-07-24 01:11:53,Completed
c90ffa18-c1a1-4674-b4e5-3e950a3f0306,898e50f3,Tamara Walters,4512904175,Savings,Payment,2219.31,2025-12-05 03:00:19,Pending
2065c306-a9a8-4cb8-9d05-7a47564e8021,dc8e0c02,David Calhoun,4222512448,Savings,Transfer,$2986.03,2026-02-14 18:54:01,Completed
bf0565f2-f154-4b10-85ef-bd6fbbc84c5b,1f673324,Destiny Rangel,5542979730,Credit Card,Payment,$3650.08,2025-07-28 11:36:43,
2d83aaf6-1f44-4753-b06f-0db2fbceb1ce,8fc1a668,Erin Long MD,1460121641,Savings,Payment,3849.79,2026-05-18 13:58:22,Completed
7f156a32-8cb5-4268-86d6-4624df432b4f,d86f2daf,Emily Carr,0070642904,Credit Card,Withdrawal,3423.91,2025-07-13 10:22:19,Completed
58130c11-f91d-479a-a84a-74b26ec54994,d709cb5c,William King,9742990379,Savings,Transfer,742.77,26-01-2026,Completed
d873b7e8-3610-4db9-96d1-eea8b37fb75f,a325d8aa,Gabriel Hodge,5087980364,Credit Card,Payment,1164.46,20251027,Completed
1bedb24e-a01a-442d-9b7a-705680ca6b6c,b22af81b,Richard Jordan,5269630913,,Payment,953.26,2026-05-15 21:50:34,Completed
f26ae148-b026-4f3e-90df-432fa4fc4860,9e3716c8,Luis Frye,5971090694,Checking,Deposit,1841.69,2026-03-13 08:15:47,Completed
b97f428d-67aa-4d56-9e86-254abf06367a,0186fe36,Shawn Mendoza,1086156172,Investment,Withdrawal,3715.36,2026-05-23 01:16:25,Completed
10f42d5e-6e3e-4525-b3b2-527c954e7cda,d2f76e71,Raymond Smith,5671005322,Investment,Transfer,269.74,2025-12-23 22:31:56,Completed
9d057288-0ad4-4704-9f65-a7afe042d7a5,a5592649,Dennis Perez,3945010368,Credit Card,Transfer,2785.46,2025-11-22 21:45:56,Completed
77bbc568-7a15-44eb-8b26-972aea05b998,de357072,Patrick Nelson,4027137624,Savings,Withdrawal,3355.86,2026-02-16 02:31:18,Pending
125b2f2a-0e3f-47df-a032-0095657d8026,42d65643,Angela Rodriguez,3947124600,Savings,Payment,1879.67,2026-05-22 06:01:02,Completed
e34bf2ce-dead-46f9-a3c6-6d2e34f24025,f9eee0b0,Cassandra Harris,9943754364,Investment,Transfer,2804.02,2026-05-14 12:43:34,Completed
71c7fdaa-44db-4580-beab-269f2f5497d1,e99e5c5f,Karen Mason,1981284539,Checking,Transfer,3161.43,2026-03-28 06:44:54,Failed
a1a658de-40bd-4477-9618-c86a089b50b0,7934f8a3,Maria Turner,4291839701,Savings,Transfer,3465.67,"July 01, 2026",Completed
61bb9e5e-02ee-48c3-afab-6ca6e6bf37ab,53f8d1d4,James Gordon,8813497528,,Payment,1442.66,2025-12-29 06:45:26,Completed
92bd3834-31a1-4104-9866-8723083affb7,e05f38af,Angel Green,7832044334,Investment,Transfer,83.58,2025-11-03 20:06:39,Pending
29e27df9-e946-4d64-a0f3-664d9743b244,b69f4f61,James Lawson,2350911457,Savings,Transfer,226.18,05/26/2026,Failed
6f16fc07-220b-4b45-9428-c0e618bdbb3e,74adda9e,Jennifer Robinson,1324282867,,Withdrawal,3211.24,2026-02-16 23:08:43,Completed
a422a38a-0622-4ab2-9c42-8bc1af8fd384,df8ee929,Michael Wells,2349069029,Credit Card,Withdrawal,1210.07,2025-07-19 16:22:29,Pending
08346170-75e6-44cb-8fb1-fe6d29b32f07,ba8f845d,Ricardo Fernandez,5722952202,Checking,Withdrawal,1226.46,2025-07-12 13:55:45,Completed
53a88da3-1650-4f94-9af4-f1267fc2595e,25c2ad59,James Vance,7408889247,Checking,Transfer,819.76,11-01-2026,Completed
c3fe05ae-3f0c-4ed6-9c8c-07537ce2ea1c,619a2c0a,Michael Schultz,6629072560,Checking,Transfer,1674.19,2025-11-12 12:53:53,Completed
50431631-4ddc-4522-92e4-1fce8b9cea76,8674498a,Timothy Phelps,6947481382,Checking,Transfer,$2872.82,07/21/2025,Completed
8936b9f0-91ba-4ef1-9ba3-dd869db6526c,567984e0,Leah Patton,3817182843,Credit Card,Payment,1344.85,2026-01-22 05:25:22,Completed
b2728401-361e-4550-9bde-788165d97460,ad78523e,George Hopkins,4986857244,Savings,Payment,1789.75,10/28/2025,Completed
4d8f8f4a-fc8c-4495-943e-7db7c23d78da,0abdd1ce,Jonathan White,9299611214,Investment,Transfer,367.42,2025-08-24 20:27:31,Pending
8b994d41-d124-4c5a-b463-aaadc1bf2420,5a0e7223,Richard Sims,6489905555,Credit Card,Payment,375.08,2025-07-30 07:36:56,Pending
486117de-efbf-4b60-9526-6fc5934160a4,2bde83f5,Tristan James,9922852291,Credit Card,Transfer,859.73,2025-12-12 03:01:50,Completed
ef25d29a-426b-41ed-9c9d-0c529eb953ce,1fb5e3a0,Ruben Bishop,5757429134,Investment,Transfer,2468.68,20260125,Completed
ef5831df-0adf-4b24-931f-a2052deb10d7,ecfd4370,Jack Chen,6611600694,Savings,Payment,1140.21,2026-01-23 08:14:12,Completed
8609339f-167b-43ea-beee-92e83c345e66,d888d90c,Matthew Gregory,4442844567,Credit Card,Withdrawal,4417.28,20251222,Completed
3c1cfc16-7f4a-4983-8d4d-27cf971a57a3,51573344,Jason Gibson,9851333357,Investment,Deposit,2618.96,2025-10-08 00:24:23,Completed
fc5eaec8-aaab-4e11-8446-e87a10ea3399,9c50cdec,Jamie Martin,5429596738,Credit Card,Transfer,$3188.29,2026-04-25 18:13:57,Completed
084172a8-135e-43e6-9a83-8eddc08e8499,e9653818,Sandra Watts,6097025574,Credit Card,Deposit,-4569.2,2025-12-04 04:24:47,Completed
17da59c3-3820-40dd-8fe5-22a32d6fd983,4e347ec1,Christopher Jenkins,0044695953,Checking,Transfer,4666.74,"February 16, 2026",Completed
7663f372-2e51-4c96-9bd0-f3b14b49cd8d,cd200de4,Peter Rush,4018445038,Checking,Withdrawal,2650.0,12-11-2025,Completed
e38231e1-f419-4948-a1ea-c0277c1f3fd7,beac79e0,Kaylee Holmes,4305289885,Investment,Transfer,1191.68,2026-06-24 19:18:59,Completed
b7fa4aff-509f-4f7a-8ded-c0b1ea9787b8,bd8e6849,Danielle Reyes,3073776115,Credit Card,Deposit,801.19,2026-05-07 13:31:11,Completed
759dcc10-f9fe-4954-a8fe-b23a4d30bb19,f077f4ae,Hannah Alexander,8929916749,Checking,Withdrawal,3183.16,2026-01-26 05:07:43,Completed
5ef30a41-9b96-4439-bff3-3592493aa993,71553b09,Monique Robbins,5637787214,Credit Card,Withdrawal,4133.72,2025-12-26 10:31:08,Completed
15ca9a10-4c46-4927-a300-80a6f4f79f80,3bcc120b,Frederick Anderson,3369093421,Savings,Withdrawal,4490.74,2026-05-09 20:45:10,Completed
6a10d364-86af-471d-a66e-9c37bdc35d8d,6e5d6994,Patrick Nguyen,4026641461,Savings,Payment,2616.82,2026-04-14 05:09:11,Pending
ea82ebff-958c-4ea0-aa10-a0d5f81b27a2,928d939b,Jasmine Smith,0282242455,Credit Card,Deposit,2826.36,20251125,Completed
89447e22-c4d0-49ca-94d4-c8a9ed7fab75,2b6165a1,Lucas Torres,9761949529,Credit Card,Deposit,969.83,2026-05-20 08:41:56,Completed
eeeceddc-87b8-432f-a80b-b6fc453b5387,bbc20105,Lori Smith,7779364819,Investment,Payment,1376.62,2026-01-10 13:14:38,Completed
a3e9f286-0aa0-46e2-a584-9e16d22b11e0,e30b866c,Francisco Hoffman,2091313093,Investment,Deposit,2624.51,2025-10-06 09:30:43,Completed
025fc230-780c-4225-b6d7-d193c370abf2,b6f2500d,Shannon Johnson,8244125833,Investment,Payment,3553.23,2025-12-18 22:54:20,Completed
81d6c797-5054-4ce5-98c5-cb2777c9a5e9,1dd7c4f9,Justin Reed,3336233385,Checking,Withdrawal,3292.21,2026-06-30 18:09:33,Completed
03831863-e0f3-453d-9a28-ec3fe7ef8ed0,3bd25465,Peter Sanders,9668035747,Investment,Withdrawal,2701.65,12/23/2025,Completed
9045c106-4511-485f-b26a-e9b967e85f40,c4e542a7,Karen Thomas,2203546169,Credit Card,Withdrawal,2248.59,2026-01-17 12:14:42,Pending
e5a7bcf9-3a9a-4b10-aab4-4dc624305eda,5d272976,Charles Guerra,3980027903,Investment,Transfer,4484.01,02/12/2026,Completed
20b1116e-1038-4f36-9a48-8118b18c5981,93d1f5ec,Jonathan Dunn,4550453073,,Deposit,4573.96,"November 02, 2025",Completed
e92dad67-0cd2-43f4-a0bf-69be5b988744,1cafd084,,9494871705,Credit Card,Withdrawal,$1185.79,2025-10-19 03:35:50,Completed
8e0ae523-89b4-4f23-b3cf-37622bac6d4e,f046f68b,Jamie Lee,5084865820,Savings,Deposit,4004.22,06-08-2025,Completed
7867dea0-2846-42e1-b56f-cde12dd6cf2f,8ede9ac7,William White,9573553332,Savings,Transfer,581.52,2026-05-09 16:27:35,Pending
ab37e458-8d6b-44b6-a596-d06943c596eb,cad18304,Daniel Mcgee,8199667575,Checking,Payment,933.72,2025-07-26 21:00:38,Completed
0e121e82-6143-4279-bc7a-8c09ff39eea9,6f1f6c15,Diana Benitez,3592876986,Checking,Deposit,2729.68,2025-09-03 08:12:23,Completed
3ee88734-2380-4a2d-9f63-edcc8fb7b0ba,d58dffe8,,5141070438,Investment,Transfer,4084.71,2025-09-28 17:17:39,Completed
39d7439f-0441-4f8f-95d9-df5b4bf6957a,d440d7d3,Cameron Thomas,8983957521,Checking,Payment,1115.4,2026-02-11 18:10:34,Completed
6957121d-b992-4bac-9190-06c7f7a8564d,4462d6ba,Alexandria Medina,4225511530,,Withdrawal,4072.54,2025-11-03 01:43:11,Completed
8e1ca12e-8fca-4960-bce5-c1d3bda8926c,afa04b01,Brittany Gill,7778980203,Checking,Deposit,1561.27,2025-10-19 17:50:09,Completed
d94f1a9f-b713-47be-af52-2f2563ceb970,4a6d2e0a,Isaac Harrison,6918886651,Savings,Transfer,4270.33,2026-03-24 14:25:46,Completed
9df1f210-d08e-4de0-bf7f-7cbee56b1781,ee55f774,Taylor Dean,0661108970,Investment,Payment,4459.95,2025-12-23 14:56:07,Pending
95a9e288-9b75-4314-9bd8-2e7ce709b220,7bfd2f99,Audrey Delacruz,8975085075,Investment,Deposit,965.36,2025-07-17 03:26:07,Completed
f56cec02-0fdc-4cc1-93c0-4350ea623ca2,5d0a51c8,Shawn Griffith,2674732197,Savings,Withdrawal,1764.22,"September 26, 2025",Completed
1bc8e889-8a69-4663-8716-41ccf2853f9d,f20df29b,Tanya Becker,6003174513,Savings,Withdrawal,4942.45,2025-08-10 16:57:30,
c0aa50bd-f5d1-4240-97bf-f4734d1449c3,912c8fc3,Wanda Myers,4070949663,Credit Card,Deposit,4098.21,2026-02-06 11:46:40,Completed
95d8eed4-1c83-43be-aa7f-032ed7e08a05,817a753f,Shannon Bennett,9056761783,Credit Card,Deposit,305.99,2025-09-07 08:32:13,Completed
4f1b6732-9a0c-4d17-80ee-6f4e5300b892,09849c67,Laurie Rios,7604418989,Savings,Transfer,1076.69,"September 29, 2025",Completed
a7f7f8e2-e0a5-42bf-92ae-5f5898a30f61,c74ccb16,Jay Kelly,3970727540,Investment,Transfer,1473.51,2025-12-17 00:48:13,Completed
08346170-75e6-44cb-8fb1-fe6d29b32f07,ba8f845d,Ricardo Fernandez,5722952202,Checking,Withdrawal,1226.46,2025-07-12 13:55:45,Completed
26c3a6f8-f97a-48fb-af08-1c2375596924,cc87cb46,Michael Williams,7663845472,Savings,Withdrawal,1289.25,2025-08-18 11:13:34,Failed
a3d2bfaf-1271-4f3b-ae09-f0ad905350e8,daf11e45,Katrina Aguilar,1625221050,Investment,Transfer,$2620.91,2025-07-19 17:49:04,Completed
b3a91a15-135e-4a1a-91b9-517ed591ac1d,b25a5321,Nicole Mitchell,6831200402,Credit Card,Payment,991.79,2026-03-18 20:27:21,Completed
c5a9f6fb-1d66-400c-9a9a-dadfbc5395e4,faba78ff,Craig Shaw,8287667506,Savings,Deposit,-1130.89,2025-07-12 23:30:14,Completed
d4476432-6b13-4fdd-953d-7fbc7d4fab39,eae5df5d,Wendy Woods,2976369813,Checking,Payment,3818.28,2026-02-12 04:37:21,Completed
949f6c95-36f3-48ea-8899-11aaf6f2474b,981bd2f7,Kenneth Ross,5118561223,Credit Card,Payment,1576.65,2026-01-27 01:02:49,Completed
e496d272-4673-41cf-84b9-363a481df962,2e0c75a3,Brandon Harris,1855845028,Credit Card,Withdrawal,3583.99,2025-07-24 18:33:39,Completed
2beb054d-b3f9-4903-946e-4d651c951514,b9389691,Joseph Perry,8125956177,Credit Card,Deposit,3978.62,2026-04-25 22:08:12,Pending
445d3063-199a-401d-afaf-2c9fa1c2cfcc,b04565d5,Matthew Moore,1777471867,Checking,Transfer,2581.42,2026-01-16 19:51:46,Pending
59e1b92a-8683-4626-bf64-5584ea14e9c9,4e24b324,Christopher Leach,0162977196,Checking,Transfer,3332.99,2026-06-25 02:56:11,Completed
789ee688-3ce5-400b-ab7b-7871ff13d17f,2579e96d,Mikayla Wade,7590220935,Checking,Deposit,3851.84,2025-11-05 08:55:22,Pending
b1a42f29-6e4e-43f2-98d0-897df172db0e,7fa0f366,Cassie Reynolds,2224372213,Investment,Payment,3092.97,2025-07-12 10:10:32,Pending
c74fea90-e2e5-4d2e-8276-1f919d5a7304,4574dbb0,Heidi Ward,6283791275,Investment,Deposit,2474.83,09/14/2025,Completed
2145f190-2d61-4791-b9a2-fb7838920323,229e7001,Cynthia Fitzgerald,0923173477,Investment,Transfer,$1559.94,05/04/2026,Pending
c59d4e18-7632-4df9-bba8-a6cda2c6d8ca,3d475418,Christopher Robinson,9749791310,Credit Card,Transfer,$1089.39,2026-05-31 14:54:44,Completed
efc588a2-9a44-405b-8e0d-3ebe5ef6b7d3,7488b727,Jonathan Mills PhD,9206067284,Credit Card,Transfer,587.98,2026-05-04 23:32:32,Pending
4b54df98-1873-4314-b2f6-4d1ba2971d5e,120be0c0,Miranda Haynes,2540596889,Credit Card,Deposit,2919.17,2026-02-10 11:53:53,Completed
a285d522-8861-4005-827d-58529ae3394b,ce78bcc6,Michelle Thompson,7351061083,Credit Card,Deposit,4322.34,2025-12-13 23:55:05,
2ce86e8e-da07-4cfc-82e8-970111f4f3da,2ff8e613,Caleb Flynn,8487114432,Savings,Transfer,2322.78,2025-11-08 21:41:18,Completed
4437db12-4d16-4df4-9e71-c965d5b72ab1,036386ec,Ariel Morrison,7013421713,Investment,Transfer,1212.71,2025-09-23 19:42:41,Completed
98c046b6-e4af-49c2-98bb-8bf4f8d3668d,30f971c4,Tiffany Olsen,9654083491,Savings,Deposit,4845.81,2026-02-21 00:28:56,Completed
54aae966-0d59-4b67-b13f-9910f8a1b96c,affe689f,,2241272942,Credit Card,Transfer,4910.52,10/18/2025,Completed
c00baeb1-10ae-41bf-b3f2-ce6f134b9fd2,a0967a87,Blake Larsen,1636827858,Investment,Deposit,$3401.92,2025-11-04 16:42:01,Pending
8b73f971-8726-4a27-bb91-2afe29917ab5,97c293db,Dawn Johnson,0155687540,Checking,Withdrawal,4891.01,2025-10-30 04:24:58,Completed
72a787b4-ca3e-49dc-ba1e-feedd3bb52a4,fa0c238d,James Walker,6768620305,Credit Card,Transfer,549.02,2026-04-18 21:37:39,Completed
45ba97da-d176-469a-9616-265214705c5a,806f6dcf,Jessica Wilson,0597181140,Checking,Deposit,107.42,2026-06-07 03:58:07,Completed
9a06c907-7e38-45fe-a33d-9cc6b4329a94,80cbf6f6,John Castro,8838332034,Investment,Deposit,2954.37,10/13/2025,Completed
2878a404-2b65-4aae-9652-2c29536225a8,d6189816,Pamela Caldwell,2161197346,Savings,Deposit,747.73,"March 06, 2026",Completed
3558cb9d-305d-488d-993f-2dbfe89fff08,e655f9a0,Nicole Haley,9673184426,Savings,Deposit,-3919.2,2025-09-19 17:41:31,Completed
8fe3ebae-9d21-44d4-a361-e9eee5e747da,40b60ab8,Crystal Lara,2130137394,Investment,Transfer,4525.14,2025-09-07 06:07:51,Completed
6fd78dd0-4c86-4ffc-aba2-91b8f41b15bb,e7cf9ca1,Taylor Willis,2050199682,Credit Card,Deposit,1949.46,"February 25, 2026",Pending
9b03ddd1-3cac-4e18-a0c2-f62bfc4fea19,b1af3973,Jamie Hill,7675584102,Savings,Deposit,218.35,22-03-2026,
bf63c1cc-4672-42b3-8842-5dacdb1635bd,b1b3841a,Todd Payne,9219496927,Savings,Withdrawal,4782.06,2026-06-27 05:42:37,Pending
84760b42-2690-415a-bd14-89c9b718bb19,c158b6a5,Julie Washington,1252141134,Checking,Deposit,$1626.69,2025-08-08 14:23:18,Completed
38121939-1319-41af-91ff-2265b500c8e5,de4c3120,Benjamin Black,1002618572,Checking,Transfer,1329.08,2025-11-03 06:23:27,Completed
abc5562b-06c1-448f-8320-6d21ce6d1fd5,13408d25,Brian Medina DDS,0120403584,Credit Card,Deposit,1566.17,2025-10-09 19:18:33,Completed
6ee71772-d04e-408c-b442-f9efe832c12c,37259e08,Melissa Vasquez DVM,7982206942,Checking,Withdrawal,3931.46,2025-10-16 19:42:06,Completed
d3efac12-1df0-4390-b94f-79210baf9430,0ef14b2e,Gregory Brooks,1319988695,Investment,Withdrawal,1919.26,2026-04-18 17:26:34,Pending
ae0684b3-6fc7-4839-8b65-8f4ad4783a61,ebf39fb8,Thomas Moran,4717024981,Investment,Transfer,910.03,2025-11-22 08:26:40,Pending
291c4475-d271-4e67-8744-57915509e63e,b1e9ef2e,Heather Franklin,5724296982,,Withdrawal,934.12,07/06/2026,Completed
1d84f986-bed2-4dd1-9f25-5610485aae97,473be95a,Stephanie Meyer,9351679275,,Deposit,1987.12,2026-05-31 10:06:25,Completed
f3fb491d-35ba-4785-89fd-1bc90e67be95,2ec07f0a,Rebecca Pena,4748693427,Checking,Deposit,3739.88,2025-08-15 02:37:21,Failed
ebd9a050-0774-4fc4-adce-649bfb2f1129,4e05e636,,6402524322,Credit Card,Payment,202.99,2026-01-20 15:28:37,Pending
e98ef7ec-777f-414a-8fda-dbcaa161805d,583a759b,Daniel Powell,6877665085,Checking,Deposit,4690.14,2025-07-18 05:26:47,Completed
a3ca0a87-950d-45e4-a7e3-64b09435655e,08d62408,Kathy Long,6474613397,Investment,Payment,3554.35,20260612,Completed
d2e9a68a-c3f0-4612-ada4-38c37cedc726,81b3ed19,Amanda Snow,1877860523,Investment,Transfer,4782.98,2025-08-02 10:32:35,Completed
8f4c91d2-685b-44e9-a945-f77d670c7f22,cd333b90,Brandon Day,6021356984,Checking,Withdrawal,99.96,2026-03-12 07:31:31,Completed
240d5c99-aec4-4185-96c3-309a41c5e852,55ed2aa9,Charles Glover,0285960087,Savings,Transfer,2251.23,09/12/2025,Completed
273975ec-b23a-45be-aeef-031b50ba64d7,3861e073,Andrea White,2286583638,Credit Card,Payment,4489.32,2025-12-28 02:59:44,Completed
8c0ed24b-acb0-467b-ae9d-73181c730dbe,8aaf884d,Robert Brooks,8283094812,Investment,Deposit,2445.09,2026-06-13 22:49:24,Completed
39be0843-a0f3-4366-bb51-c4490408d896,593cc564,John Smith DDS,4677111378,Credit Card,Withdrawal,175.15,2025-11-30 17:32:27,
5bd9f5da-2ad7-4fe4-a8c8-be3f10eb7d7a,3343b9b0,David Lowe,4388958318,Checking,Payment,1340.94,2025-10-13 15:17:42,
0468f047-4f61-442b-96e1-d50fd7682b5c,e5be39ef,Alyssa Walton,9579794029,Savings,Transfer,4623.42,2025-08-12 06:04:36,Pending
2b06c2e4-02ee-4709-a539-3799e6b5e681,e5ac60c6,Leslie Hickman,3134704784,Credit Card,Deposit,1155.21,04/02/2026,Pending
7a6f1d44-24ac-4e87-b744-fa7e1e0f72b6,90b7ddc1,Ellen Perry,1622524749,Savings,Deposit,3456.24,2026-04-27 07:02:23,Completed
86248dcb-3930-4b0c-a40f-cbfa53a0df0f,7fd27479,Timothy Barnett,7574948266,Investment,Withdrawal,3394.14,2025-10-07 01:42:18,Completed
8705a6dc-b4f2-4541-8652-449c3e004ca3,be2e205e,Frank Nichols,0273702391,Credit Card,Payment,4627.33,2026-06-17 06:04:11,Completed
1067369e-9876-4d83-96a8-d6c04fa79f88,c93d9776,Sharon Black,4696541602,Savings,Payment,$181.01,2025-07-24 16:53:43,Completed
964bc905-db05-4b5a-828c-eefbe99e808b,6a41b0e1,Eric Shea,0088210098,Credit Card,Withdrawal,$3884.3,2026-03-15 10:56:02,Completed
a38f9403-88ab-4378-aa42-07f0dc148816,7af9366b,Kyle Reyes,2374329362,Credit Card,Deposit,1018.38,2025-11-28 07:48:34,Completed
f337e0d1-e6c6-4f42-b4b9-0f200c09eeb4,b8d951b6,Elizabeth Peterson,2147342708,Investment,Deposit,3636.2,2025-08-18 06:19:19,Completed
8b04ec86-b287-4b04-95f4-c87fc7cf3329,c1ccf2aa,Cory Davis,3253677499,Checking,Payment,3294.05,2026-06-19 08:11:42,Completed
338f152e-c658-47a8-9114-3e877c883b82,d3e1c952,Ashley Vazquez,8065866577,Savings,Payment,156.23,2026-03-01 08:56:03,Completed
16df9fb0-9048-4f25-9115-a18e0656fd31,c0a957a3,Darin Zamora,8290288729,Credit Card,Transfer,4378.85,2026-03-14 11:40:50,Completed
6d26ef3c-b0d5-41ec-9589-602db854b804,89c8ebbd,Jeremy Smith,1546860661,Savings,Deposit,4605.83,20260629,Completed
7d45eefe-4ae4-449e-9404-53033a0a1b7a,147603df,Carolyn Gray,1024334252,Investment,Withdrawal,3432.47,2026-01-07 02:21:28,Completed
2865cfcd-5bbb-4db9-a869-1874843d5d69,3a1bade4,Mary Brown MD,9669963271,Credit Card,Withdrawal,3612.71,2025-11-12 14:27:36,Completed
19a0a6bf-a472-45c2-8466-51c9b88b07dc,b386de41,Melissa Thomas,4356301980,Checking,Transfer,4512.25,2026-06-19 11:42:30,Completed
349b6f77-d82c-41da-bdb9-755e0a5df444,39301a57,Christina Shaw,9992729820,Checking,Transfer,979.19,2026-01-20 07:15:17,Completed
7515c3ba-fe72-4efb-ae60-c231863b39b7,4300c8a0,Lydia Olson,4406456445,Savings,Withdrawal,$3657.99,2026-05-16 01:58:40,Completed
bdb3525c-da80-4567-8d51-406daaaa09d9,324f3263,Gabriel Medina,0870083992,Investment,Transfer,2819.97,21-03-2026,Completed
07dedd4b-fbeb-4038-be54-a58925d507c3,ee62e852,Carmen James,6319823682,Checking,Payment,3690.53,2025-07-29 09:32:34,Completed
519fe81d-b7b3-473c-9280-305b965e397d,203cd6ae,William Phillips,6799255277,Credit Card,Payment,3917.43,2026-03-17 18:51:49,Completed
0e074942-8f20-4f85-a846-5702639d5316,afa7db5d,,1812647255,Savings,Transfer,4890.56,09-03-2026,Completed
bec859f7-0ede-4093-8edb-be7dd9eac28e,79ee5568,Meredith Stephenson,0685813150,Credit Card,Withdrawal,2311.82,2026-04-25 20:40:15,Completed
e532751b-6bfb-44f8-b060-11dc55a40669,0da85fe3,Gregory Mata,5944736285,Investment,Deposit,3674.34,2026-04-22 07:38:04,Completed
3a73292b-5de2-478d-90e1-3fd6063dffa2,4770e873,Lauren Moore,3546655949,Investment,Deposit,1124.12,2026-01-09 00:20:50,Completed
f303320c-dad6-4176-9813-fdbb42799cf1,f275a417,,6312601979,Checking,Payment,$629.05,2025-07-20 23:55:02,Completed
22342f09-7b1d-459a-b8c0-3a0f248b816d,8340fa7a,James Williams,5222064145,Credit Card,Payment,143.97,2026-01-28 18:22:08,Completed
3300f0ad-22d3-4dc0-89eb-58b927f4bc21,88730ae6,Richard Garrett Jr.,1646597567,Savings,Payment,4240.87,2025-12-26 18:47:28,Completed
32031bf3-c62a-4d95-b563-1063fd97bda6,ed43e15a,Kenneth Wade,3348976228,Checking,Transfer,3307.82,2025-11-28 07:09:47,Pending
6bd862c4-8f97-405f-ad16-721d4fa54d17,c01d7aa3,,7544153342,Savings,Payment,$72.06,2026-03-15 01:21:07,Completed
b05e586a-8cb0-4b74-b167-90352b237ce0,fa90fd2c,Timothy Mason,5348343745,Checking,Transfer,4476.71,2025-08-14 09:05:40,Completed
43415466-6ea5-4982-a5f8-83ad751c160d,5d750f31,Regina Barrett,0098126895,Credit Card,Deposit,429.69,2026-02-08 00:39:42,Pending
2bbd9d04-1470-4fdb-8d61-e824d4df9203,5fbfa101,Dale Reynolds,6758677560,Investment,Withdrawal,2021.9,2026-05-20 06:32:14,Completed
82d7b660-0690-40ad-bfb5-d99b769b16d7,f686ff15,Marcia Martinez,9089110594,Investment,Deposit,3369.08,2025-11-15 08:25:38,Completed
c49ddca8-cbb9-4d1c-9bf7-e34f99b0e4c6,40ccbba8,Benjamin Mills,3488667618,Savings,Withdrawal,2620.6,2025-12-04 10:29:10,Completed
1959b10c-e9c0-4d15-8695-e15b5aa1db6f,1a9b7661,William Hunt,6283214104,Investment,Withdrawal,1969.01,2026-04-16 18:56:08,Completed
8ddb941d-c0a9-4fd7-8be0-8cc4ac756d6c,1bd65d85,Angela Gomez,9729570635,Savings,Payment,2920.21,2025-12-11 18:37:18,Completed
29c2cdac-20e8-454b-b765-a5fc9b40f064,d6a98334,Amy Adams,4529049696,Checking,Withdrawal,2746.21,2025-08-08 00:27:08,Completed
fed324c9-34cd-4c6d-a3c1-620423959288,1a3c0dd1,Danielle Miller,7142467986,Investment,Withdrawal,4351.54,2025-10-04 09:34:12,Completed
bb92a856-bc81-4af7-b088-293040228f9a,25b7a3ad,Cole Patel,7560820475,Credit Card,Transfer,3857.84,2025-11-28 07:27:14,Completed
a304e242-1523-43d0-8413-5d5bf7dda03f,e46cd613,Sheryl Owens,3994289773,Credit Card,Withdrawal,4709.62,2026-01-06 04:37:13,Pending
07467aec-201c-4cce-a5aa-22fd7dd104e8,df2ab416,Kimberly Conner,0383300970,Checking,Transfer,2533.97,"May 25, 2026",Completed
e0f25c17-aeb8-4e76-a876-d89396206ce6,f62ae417,Diane Moore,2379603523,Investment,Deposit,3071.8,20250731,Pending
b827a8c5-f585-4348-9409-6ab0046ebf49,020d2855,Eric Herrera,7507717779,Investment,Deposit,32.1,12/18/2025,Completed
a399f768-467f-43cb-96ed-464034162ef2,0ff628b6,Aaron Saunders,4389231839,Checking,Withdrawal,2591.38,2025-11-24 03:25:05,Pending
4c418606-8b7b-4d02-88a2-b0ed2de1539f,9da3b39d,Daniel Marquez,0256777504,Checking,Withdrawal,4360.62,2026-04-12 15:23:48,Completed
bec859f7-0ede-4093-8edb-be7dd9eac28e,79ee5568,Meredith Stephenson,0685813150,Credit Card,Withdrawal,2311.82,2026-04-25 20:40:15,Completed
6fbc643e-e431-4676-809a-1f33a995287c,29688c3b,Brenda Thomas,2818056175,Savings,Deposit,2786.72,2026-05-27 11:20:46,
d09fb001-a9a6-48d8-91b6-832d19783b8a,7b27d057,Karina Moore,1325069956,Checking,Payment,2345.73,20251031,Pending
0cfe9ea9-b82c-4e16-94b2-15ed7ab52317,8b932d2f,Heidi Adams,1227502308,Checking,Transfer,4314.26,2025-11-10 18:26:37,Completed
c584cdaf-d22d-4132-93a3-d232385fd2ff,087fb5b4,Christine Davis,3049954412,Checking,Deposit,$3937.56,20260115,Completed
6901f886-8a1d-4999-8a8c-27db3d00ea09,b9d12623,Glenn Cooper,0656961984,Savings,Withdrawal,1974.25,2026-01-01 05:42:18,Completed
ea848473-c7fd-40d1-a3bc-fc13ee305f91,a047adfe,James Casey,0711695015,Checking,Payment,2473.98,2026-04-13 22:29:33,Completed
8c05a017-880e-4b1f-ab79-624ee17cf3bf,33bc7863,Steven Baxter,2265479619,Checking,Transfer,1298.23,"August 14, 2025",Completed
9950514e-07aa-4005-b57b-fc9c63cebf2e,4b0625fd,Timothy Williams,8245220218,Investment,Payment,2902.63,20251218,Completed
7f6d68ee-c22d-41fa-b6bf-8f65f063e085,8c96aa02,Daniel Mitchell,9042397075,Credit Card,Transfer,1493.01,2025-11-12 06:30:27,Pending
bb13f6cf-a01a-43d1-ac88-39ba9d904e94,ce71176b,Patricia Holland,5594666731,Credit Card,Transfer,2684.31,2026-01-06 05:46:20,Completed
7b642b86-b24b-42a3-9238-d5f85299f732,7f52f86f,Emma Patterson,9648700484,Checking,Deposit,132.23,2026-06-15 04:31:42,Completed
d159da0b-fb89-4b51-b48e-eaa0cf1c60ce,f9c4bad6,Jeffrey Sanders,3899467691,Credit Card,Payment,3828.86,2025-07-14 14:41:46,Completed
5361f3ee-d84a-4ae4-9e6c-7775edba8628,0cf29c38,Matthew Ortiz,7778257917,Credit Card,Transfer,1125.86,2025-12-04 11:37:56,Pending
9b214b46-c8fa-496b-b0ae-cacc8449b5f8,87726adc,David Rodriguez,6577711003,Savings,Payment,$2793.89,2025-10-02 00:25:19,Completed
8f8f46be-e4bf-4382-865e-167da76852c2,d966c4b3,Keith Sutton,2240583745,Investment,Deposit,1569.21,2025-11-18 07:06:52,Completed
d760cb9d-95bf-40b2-a0ae-c642026a25d5,d878c4b5,Michael Wiley,7040341410,Investment,Withdrawal,2749.27,2026-01-21 13:48:13,Completed
29e51e47-0513-4228-8775-e5a0bc894387,b69c3989,Kurt Parsons,8046257233,Investment,Withdrawal,$102.05,2026-06-07 09:10:57,Completed
324510cf-2d90-476c-a3ed-5feb8828580a,8627b230,Noah Parker,6436557192,Investment,Payment,4939.95,2026-03-05 21:06:46,Completed
7a69556f-f8cc-4a5b-b8a4-ba595c0ec369,c740ea79,Tonya Mccarthy,2329254877,Credit Card,Deposit,765.88,2026-01-23 06:10:22,Pending
78373611-0c92-401d-894a-68978f33c743,04c1b006,Jessica Kramer,7860269287,Investment,Deposit,4337.93,2026-04-08 20:23:46,Pending
dab78a8d-a419-4288-991c-57972dbfd464,3e11a816,Amber Robinson,7528494915,Checking,Withdrawal,$4655.43,2025-10-05 11:55:28,Completed
afb23c3e-eab0-4192-8eab-b59bcbbc9f56,f683066d,Laurie Evans,9711505816,Savings,Transfer,3350.88,2025-07-12 13:10:21,Completed
d4caca92-3cf9-4d55-b9b5-928e16e35179,6178041b,Shelby Davis,4817168333,Investment,Withdrawal,3448.28,2025-10-23 10:24:19,Pending
2e6a6010-5afa-434c-80f7-f826e81a4ec4,ee1e47b4,Mercedes Harris,0030154889,Credit Card,Transfer,$2162.88,2025-09-14 10:24:19,Failed
3f99d217-db6f-419c-bfdf-c62b6287b8c1,305f1b4f,Tanya Mccoy,6125919994,Savings,Transfer,2732.32,2026-01-02 16:47:30,Completed
1d4a3ce1-83ca-4e7f-8f39-9718ad7851ee,e7638fa0,Miguel Farrell,0491492788,Savings,Withdrawal,2281.83,2026-04-10 10:09:05,Completed
896c202c-7557-4929-b4a7-79d247cac037,bd561a93,Emily Jones,3299359701,Credit Card,Withdrawal,4010.74,2025-09-22 01:16:14,Completed
6957121d-b992-4bac-9190-06c7f7a8564d,4462d6ba,Alexandria Medina,4225511530,,Withdrawal,4072.54,2025-11-03 01:43:11,Completed
a1f99d21-d503-4042-8e7c-bbf84deb1a41,51838821,,5259600301,Checking,Payment,$4023.36,"April 26, 2026",Completed
dec9963d-884e-4662-959a-3e8734ec5227,da107672,Danielle Boone,9001802294,Credit Card,Deposit,-4635.71,2026-05-19 04:29:32,Completed
0bed5385-6df4-4723-a76b-54980b5bc182,b5e3130a,Joshua Cameron,3182219609,Credit Card,Deposit,-656.99,2025-09-21 09:48:10,Pending
c09e6ef4-d9c5-4305-9567-3d232ba679d6,8aebb460,Michael Martinez,2482754351,Investment,Withdrawal,927.55,2026-05-16 10:51:34,Pending
ea7c4006-d803-4f1c-bc6f-88f46c2db4d4,e5bc5cf9,Juan Ballard,7072570803,Investment,Withdrawal,1419.35,2026-03-26 13:55:29,
908cb485-e606-4b3f-9ce8-23d692bd0fc1,26eedbcf,Ricky Reyes,0304866941,Credit Card,Deposit,1797.65,23-03-2026,Completed
c616c453-c611-4ce5-880a-5dbfa42ff499,3e247575,Steve Edwards,9747942716,Investment,Payment,4769.3,2025-12-16 23:21:51,Completed
1e03efa3-ce50-417c-b835-da110a0ffc8a,49fc1903,Julie Hartman,2606964246,Savings,Payment,1211.63,2026-07-07 10:09:08,Completed
3393accd-1b18-4faa-b398-092d94d76b78,7af6f850,,9512111158,Investment,Deposit,4390.75,2025-08-01 17:59:37,Completed
daaecf96-c019-4b71-8ba9-5eb52a0d5d6f,c8ae645b,Jeffrey Brown,8057955681,Savings,Deposit,2379.24,2025-10-17 09:53:17,Completed
c5e2e0c0-e1d9-4574-93fb-fb3a36c14453,e06e1c77,Amber Williams MD,6113990663,Savings,Withdrawal,1683.63,2026-02-22 12:58:15,Completed
84a98ffd-b32d-435d-8b23-06786ed228dc,525296c9,Preston Murray,9770481137,Checking,Withdrawal,$4052.24,2025-12-29 05:44:28,Completed
9ad0ce9d-a014-4933-b60e-e6437c5d69f9,4b90bf2c,Kelly Cole,6632780352,Credit Card,Deposit,4632.11,01/22/2026,Completed
69a841bb-ff6c-49ff-8e94-bb342dbeca6e,2f2c304c,Jeffrey Mckinney,4661731782,Credit Card,Payment,4798.58,2025-08-28 16:33:45,Completed
bb94d971-0afe-45f5-9e56-516ee5f3abea,42e5ff39,Barry Edwards,6653074008,Investment,Transfer,2886.85,2026-04-03 01:42:25,Completed
7cebfeda-6cb8-4431-8197-9ff02accddd9,b09cd454,Anthony Crawford,5341235296,Credit Card,Deposit,2122.18,2025-09-05 19:52:15,Completed
49eb69e8-4b1f-4fc6-a3fa-a6f2b4f06c6a,5a67eaff,Dawn Martinez,3780391058,,Withdrawal,2377.33,2025-09-19 17:08:24,
fd803037-4851-4f8b-8ca3-fdf75a4828a9,7d15428b,,0509423350,Checking,Payment,3491.44,2026-03-18 16:09:20,Completed
3467925e-2be9-43ad-a441-f995d5a297e9,31da653f,Corey Lyons,3670030845,Checking,Deposit,2140.79,2026-04-16 22:59:13,Completed
9b5b9e16-6dcb-4659-8f69-d2a792ab87cc,1ec9749d,Brenda Brown,1293034245,Credit Card,Deposit,4083.55,2025-11-26 19:25:36,Completed
9012560a-3919-449a-94b5-8109c6c461c5,0d0c83ac,Mr. Richard Flores,8368791928,Investment,Payment,1752.76,2026-06-25 15:41:57,Completed
fa536a0c-6f2f-4efa-b168-8c11c3731e24,0459bfeb,Sierra Hall,5232873771,Credit Card,Transfer,3012.39,2026-05-13 06:01:14,Completed
6cda708a-2ec7-45d9-8f5d-2ccaa31d620c,1411e3f2,John Navarro,3635763764,Checking,Payment,1861.61,2025-08-21 13:56:05,Completed
831ef35a-8280-4518-8395-361a99910e4a,5a7249f8,Kelly Strong,8141109565,Investment,Withdrawal,3483.27,2025-09-24 02:02:09,Pending
1cab5074-6aa5-4b01-983c-8ac887844ff1,8a5c492b,Nathan Erickson,3042946286,Investment,Withdrawal,1739.15,2025-08-07 06:59:56,Completed
d6c29921-dad5-472f-9cd4-b4f4a72634e2,33518e8f,Patrick Brown,7039597613,Credit Card,Deposit,$3561.34,2025-11-23 23:09:08,Completed
f703b2a3-b9cd-414f-907d-5b1afe57a15a,6060a183,Mr. Todd Richardson,3909433820,,Payment,3886.65,2025-08-05 13:37:31,Completed
a539cd57-6fb0-4e4c-b51a-f183120a0e3b,179871f9,Curtis Allen,6620560181,Credit Card,Deposit,3171.19,2025-10-16 02:27:25,Completed
646103a5-ee85-4343-af29-c23ed89ed63b,fe87aa36,Jessica Bruce,5856757478,Credit Card,Withdrawal,552.18,2025-08-06 23:40:43,Completed
f74af892-3a17-444b-8764-53d51baeb438,e6ced11e,Denise Barker,9579944292,Credit Card,Withdrawal,1982.54,2026-01-27 14:41:34,Completed
2c714d76-62ff-4046-ae12-3affa025283b,ea0bb39a,Sarah House,1737965370,Savings,Withdrawal,4622.55,2026-07-06 21:23:37,Pending
c73e2598-9287-46cd-9331-751ada621ea7,5e5fa8ea,Darryl Curry,7531945589,Savings,Deposit,2305.79,2025-09-09 07:09:17,Completed
3e8c83fa-87f4-4d1b-855c-497a1a3435ab,4cef7b7f,Miss Donna Kim,4710504670,Savings,Transfer,4286.69,2026-07-07 18:42:53,Completed
a70fb97c-0a86-434d-b6f9-36c61cd7d30c,0f9cac99,Cynthia Brewer,2150727618,Credit Card,Transfer,1933.22,19-05-2026,Completed
68755d46-2192-4bf8-85ce-65d3af62921b,8b932e02,Amy Cruz,9118157225,Credit Card,Withdrawal,4138.58,2025-11-09 15:06:06,Completed
053057e9-0b02-4764-a8ca-971c0cb675f2,47b186a8,Courtney Boone,2556899115,Credit Card,Payment,1130.71,2026-03-18 04:29:27,Completed
5b762a32-0e56-47fb-a553-cb9130abdb3a,4346a415,Matthew Powers,1095439363,,Withdrawal,$329.41,2026-02-18 23:31:28,Completed
9cd88c59-9473-4755-a6a6-86a3370561f0,777471a1,Aaron Peterson,0695914309,Credit Card,Transfer,1305.18,2026-02-11 11:00:31,Completed
d01f9f34-5c7f-4ae0-88af-06d0c773fc90,667c61dd,Richard Turner,0499602935,Savings,Payment,4431.97,2025-11-07 07:20:37,
c2615acd-1f07-4f8b-88a1-e6eb72e5143d,13908992,Robert Rodriguez,6809568953,Credit Card,Payment,4068.05,"September 19, 2025",Completed
2bd1daf2-cb85-4a7d-81a8-4712e67ca6ed,63debb00,Mrs. Rhonda Jackson,8479989333,Credit Card,Payment,4233.15,2025-10-16 21:09:06,Completed
565e0fa8-d532-4121-86a8-13654771bc3d,e1b63941,Deanna Melendez,1723966059,Credit Card,Payment,3414.42,2025-10-14 09:59:46,Completed
2b7cd038-883b-40cf-9f77-c5bad37a4a1a,f8acd121,Donna Phillips,3565390050,Investment,Transfer,3848.23,2026-01-10 12:30:44,Completed
5fae31c2-3351-47d4-af00-216fb59c14da,1b582f60,Curtis Smith,2173904022,Investment,Transfer,4367.67,2026-03-08 08:08:35,Pending
b827a8c5-f585-4348-9409-6ab0046ebf49,020d2855,Eric Herrera,7507717779,Investment,Deposit,32.1,12/18/2025,Completed
84760b42-2690-415a-bd14-89c9b718bb19,c158b6a5,Julie Washington,1252141134,Checking,Deposit,$1626.69,2025-08-08 14:23:18,Completed
5089e08d-e5d8-44a4-8da5-24754d0efc77,71dc186e,Donald Stevens,3680947880,Savings,Withdrawal,4239.71,2025-11-16 01:18:41,Completed
19bbbbe7-9721-43ab-a3cd-17c4955f435d,575e4211,Patrick Lee,5536832498,Checking,Deposit,4610.46,2026-02-27 18:39:04,Completed
2765e36f-ecb4-44f8-84ff-e4d3e3060246,cafb99d8,Faith Davis,0874934136,Credit Card,Deposit,4510.61,08/13/2025,Completed
ab201303-8f1a-42b0-90e4-23a6a4c93343,db6a14a1,Thomas Schwartz,6236634180,Credit Card,Withdrawal,4241.45,2026-03-25 21:22:52,Completed
d61adf0f-fb5c-43e8-8fc4-84135481ef2f,af1fb88f,Kimberly Cummings,2517292971,Credit Card,Deposit,4318.46,2025-11-20 17:09:54,Completed
b3a75e28-45ca-45d6-851a-8864704070f0,f982d5c2,Robert Myers,7783644410,Savings,Payment,1515.24,2025-09-25 07:19:19,
b72a3dde-6b64-4345-9941-65bbaa07aba5,38a308e0,April Weeks,5569608814,Savings,Withdrawal,1483.4,08-06-2026,Completed
1c5f5097-b099-4be8-af12-85d8f4f74f19,c34912cf,Brian Walker,8431206845,Savings,Withdrawal,$1791.0,2025-09-21 21:31:19,Completed
edd1e028-c6f5-4697-bc3c-3367671359cd,d726d925,Dorothy Brown,5211422313,Investment,Payment,396.9,2025-09-07 15:00:32,Completed
a87d6cbf-bd1c-457c-aa4f-340e07a76ddf,9f895965,,9777586714,Checking,Transfer,3181.38,2025-08-21 14:41:36,Completed
81d6c797-5054-4ce5-98c5-cb2777c9a5e9,1dd7c4f9,Justin Reed,3336233385,Checking,Withdrawal,3292.21,2026-06-30 18:09:33,Completed
c1130800-70d5-4a66-830b-0664472181ab,f733aff3,Julia Perry,6702259324,Checking,Withdrawal,$2849.86,2026-01-01 04:32:38,Completed
31030897-683a-4007-969d-295c5703d2a9,6ff76552,Marcus Giles,2316483361,Investment,Transfer,4708.38,2026-06-28 01:57:12,Completed
389026f5-789d-4c96-b5a3-715727460e55,7806f4c2,Bianca Black,9895310736,Savings,Withdrawal,2404.83,2025-07-11 02:22:38,Completed
b8136248-36c1-4903-aed1-f14c69606204,d06d6a5b,Heather Evans,8324413249,Checking,Transfer,2530.25,2025-10-08 03:29:16,Completed
f7c19957-583c-426d-ba50-7c8a466933d0,7c260449,Jeffery Rodriguez,6284099794,Checking,Deposit,1001.8,2025-09-07 01:35:00,
07959832-39ac-4c51-b1ac-a5bd3d16a98d,e4e9306e,Shannon Odonnell,0591623493,Checking,Withdrawal,$1578.1,2026-06-05 17:17:47,Completed
c0f1dce5-d6e2-4950-a467-2131a2933ae6,f5dfe75d,,8818796014,Checking,Transfer,4059.48,2026-04-24 05:32:57,Completed
0a84d7e9-fbe6-48b3-bfd3-4e9454025167,17e24239,Heather Liu,5858866972,Credit Card,Payment,3427.24,04-10-2025,Completed
6784b7d1-0a6e-4410-8be8-6bfa433108d2,923c1a0b,,5494631575,,Transfer,2970.03,2026-04-22 21:28:21,Failed
ce8a6c74-aa4e-42df-ba7d-4de21ab1541c,61e9326a,Amy Williams,0272876884,Savings,Deposit,1261.65,2025-09-07 02:12:17,Completed
90eff7df-9748-42fd-8aac-fdd77e2937dc,a162f4df,Matthew Dalton,3088187960,Savings,Withdrawal,4685.25,2026-03-25 13:42:58,Pending
da6a577d-b0c8-4437-a884-f078b55c73fe,d12f9147,Brandon Walker,7344113609,Checking,Payment,1909.73,2026-03-14 16:45:20,Completed
ab201303-8f1a-42b0-90e4-23a6a4c93343,db6a14a1,Thomas Schwartz,6236634180,Credit Card,Withdrawal,4241.45,2026-03-25 21:22:52,Completed
ce5887c4-2b37-45f3-90d8-3a76bbd1ef33,0f5fa6d2,Jared Howard,4270962537,Investment,Withdrawal,91.15,2026-02-21 05:39:53,Completed
89447e22-c4d0-49ca-94d4-c8a9ed7fab75,2b6165a1,Lucas Torres,9761949529,Credit Card,Deposit,969.83,2026-05-20 08:41:56,Completed
f5ef6056-acc9-4646-ba6e-8a45bc79cf5a,e80af975,Matthew Patterson,4131792150,Credit Card,Transfer,1867.61,2025-12-19 22:01:02,Completed
b1f9cd4a-f1a3-41e9-ae29-c99d4117ef3e,8b46514b,Scott Marshall,2930624108,,Payment,3937.18,2025-08-26 05:34:39,Completed
b7981ad0-0783-4056-99ac-567553d7d2fe,3acbaae3,Michael Robertson,5780781894,Credit Card,Payment,593.54,"September 17, 2025",Completed
dd50dbbf-0067-41e1-83d3-f170a00b52a3,8b97d313,Paula Saunders,2231118502,Credit Card,Deposit,-610.6,2025-10-16 12:14:26,Pending
bf2814d0-6ed0-48b4-8feb-8b50b223a439,7eb4c888,Adam Smith,1408428073,Checking,Deposit,$3032.55,2025-07-13 12:53:02,
1082dbd5-ad50-4bd3-9ce0-ddf15c4eb0d0,2c20d454,Evan Butler,2769409229,Checking,Deposit,3981.79,20250723,Completed
20f17b99-5437-4d05-93f7-2e94a0cb0983,0ca22acb,Amber Bond,7551953887,Checking,Transfer,$1158.03,"April 13, 2026",Completed
b2b04ae8-3ccc-48bd-93c0-026965d6e0b3,513380ef,Christopher Hudson,9499653826,Savings,Withdrawal,3967.91,2025-12-25 01:47:06,Pending
b8415b43-16c6-496e-96d1-4e4e729fa3f3,a67f9b83,Alexander Rose,0161605050,Credit Card,Deposit,848.39,2025-09-11 05:42:14,Completed
de15f02a-1b8f-4093-8c98-feb58a482107,2c87ac15,Scott Turner,6777323464,Investment,Transfer,4481.88,07/11/2025,Completed
8f70030b-78f4-4403-8355-a75a54cfbe07,78cf8a4e,Catherine Duncan,4789486583,Savings,Deposit,2815.69,2026-05-25 02:23:40,Completed
31983328-9074-4fb4-bfed-e9c654fd8bc4,8bf6c6fe,Larry Love,6783586465,Checking,Transfer,1246.31,2025-07-28 05:39:27,Completed
8bc356c9-f1f2-419e-af2c-5248cd7e0e7b,8804ee29,Nicole Peterson,0759197435,Credit Card,Withdrawal,3065.92,2025-09-30 08:27:33,Completed
794f4f80-5ee2-413d-b1bd-33c9b5de88d8,c4f2ea30,Benjamin Gordon,7363796109,Credit Card,Withdrawal,3116.97,2025-12-04 17:45:27,Completed
145d66a5-81a6-427f-b4bf-a8d7e0ab0b6c,a39de057,Briana Little,2083425543,Credit Card,Payment,2545.25,2025-09-13 01:26:34,
84a11faf-389b-44d6-8846-50775d9f0a5f,6ff1633a,Denise Foster,9385002861,,Transfer,147.98,2026-05-25 23:24:18,Completed
f310c453-84aa-4ccf-bf52-490f35fcec8c,acb88738,Brandi Logan,9392657255,Credit Card,Payment,2061.4,2025-08-08 04:24:31,Completed
3f96de75-de61-4929-b92e-266ed44fc28b,43d01c9c,Matthew Bradley,6253267729,Checking,Payment,487.94,2026-03-13 05:33:03,Completed
e73ca325-ab30-448d-9248-8696041bf625,312fab9a,Stacy Summers,0515597769,Checking,Payment,3330.85,2026-04-14 12:12:52,Completed
