CustomerID,FullName,Email,Phone,Address,City,Country,Language
e94053af,Dalton Gutierrez,debbie49@example.org,73586296,12303 Marshall Points Suite 603,West Derek,United States,English
cb8e2d61,Megan Smith,bjohnson@example.org,89881842,955 Susan Meadows Apt. 863,Pooleshire,United States,English
f8bc920c,Randall White,sancheztyler@example.org,46105781,41659 Mary Drives Apt. 177,Fullerview,United States,English
b9163357,Toni Whitaker,laura29@example.org,96518935,172 James Rest Suite 167,Jimmyside,United States,English
bf06d520,Tiffany Bailey,melissanorman@example.net,61262496,911 Allison Stravenue,West George,United States,English
8c52d271,Daniel Fitzpatrick MD,smithchristopher@example.org,39384848,18114 Stephen Hill Suite 701,Port Benjamin,United States,English
61ad018a,Anthony Wise,nichole66@example.org,71709289,906 Kevin Canyon,Amberberg,United States,English
5c074653,Nicholas Humphrey,xgriffin@example.com,32413471,129 Meagan Walks Apt. 834,Lake Charlestown,United States,English
4c636e95,Ashley Bird,shawn88@example.com,93927930,743 Mark Street,Wongburgh,United States,English
cdcd0a34,Chloe Bowers,christinacraig@example.com,24986507,021 Chan Knoll,Sullivanborough,United States,English
55773297,Mark Marquez,vallison@example.net,68435891,76789 Hall Circle Apt. 695,West Patriciachester,United States,English
bd4f6118,Courtney Holland,yyoung@example.net,97839702,066 Frye Spur Suite 800,,United States,English
afa9d02c,Karen Gutierrez,aaronlittle@example.com,66987242,505 Hall Oval,Stevensonland,United States,English
7d5911c6,Jill Washington,andrea86@example.com,32563621,39636 Louis Mountains Suite 627,East Wayneshire,United States,English
388629ff,Ing. Sieghard Heinrich,kmullins@example.net,71127882,Niemeierallee 6-9,Hamburg,Germany,German
975aae69,Lee Morton,shelby69@example.org,58946724,1139 Ryan Crossing,New Thomashaven,United States,English
25e36ccd,Stacy Church,qwalsh@example.org,81713324,774 Barton Orchard,North Joseph,United States,English
6f75ee8a,Rodney Hernandez,luis11@example.com,54728066,,New Brianna,United States,English
ae92ea71,Victoria Contreras,piercekelly@example.com,99841887,258 David Flats,East Kristy,United States,English
4d560a3d,Dr. Michael Evans,barkereric@example.com,92437912,3592 Hensley Island Suite 625,West Johnville,United States,English
e7c421c7,Amber Walters,bradley52@example.net,69261711,78680 Charles Spurs Apt. 805,South David,United States,English
eba742d2,Ryan Luna,aprilhoffman@example.net,45168956,652 Barr Junctions Suite 497,East Joshua,United States,English
e75641e0,Jesus Duffy,jbentley@example.net,55548285,43598 Robert Drives,Victoriachester,United States,English
017f319f,Adam Rios,qholt@example.net,79069318,9956 Miller Dale Apt. 310,Port Anthony,United States,English
299ccd73,Toribio Pavón Solano,davidsmith@example.net,89916083,Glorieta de Encarnita Feijoo 35 Puerta 0 ,León,Spain,Spanish
ae849217,Nicole Mack,daniel62@example.com,53389279,482 Monica Hills,East Nathaniel,United States,English
5e5ba13d,Hélène Barre,daniel37@example.org,45641053,"4, chemin Valentine Launay",Chauveau-sur-Schneider,France,French
610e6a64,Trevor Fisher,ruizkaitlyn@example.org,52678573,10033 Christine Garden Apt. 719,South Holly,United States,English
16f791ac,,natalie39@example.net,58642480,547 Sanchez Islands Suite 379,Allenberg,United States,English
620af158,Cassidy Horne,tranrobin@example.net,89215065,53654 Ashley Crest Apt. 238,South Caseymouth,United States,English
092385fe,Nathan Watkins,yprice@example.net,22553444,8700 Brown Turnpike Apt. 613,Bentleyside,United States,English
3ed8c56c,Angelica Keith,karenhudson@example.net,59411525,0752 Lewis Union Suite 549,Angelahaven,United States,English
25dbbe8d,Jesus Becker,john92@example.org,48724696,66918 Nancy Expressway,Kingport,United States,English
ee75b34e,Karen Barrett,navarrokelly@example.org,72104830,980 Tyler Corners,Marisaside,United States,English
4d3129b3,,abigailfernandez@example.org,84953492,848 Sherman Estate,North Pamelaside,United States,English
c8a4ae21,Erdogan Schüler,alexis19@example.org,43801745,Jörgen-Weiß-Gasse 7-3,Borna,Germany,German
a38cc35f,Nicole James,zfoley@example.org,67943240,1257 Murray Corner,Lake Stephanie,United States,English
a32a4516,Heather Olson,ilopez@example.org,37247267,49685 Silva Plains,,United States,English
f99863f2,Taylor Dunn,tarawolfe@example.org,24584673,968 Stout Orchard Apt. 174,Robertberg,United States,English
05d2d205,Patrick Lewis,ana92@example.net,45453885,9804 Brian Flats,Briantown,United States,English
5a0461c9,,kimberly65@example.org,66129847,28338 Robert Club,Port Davidtown,United States,English
9b3b5b4c,Tracy George,smithwilliam@example.com,66641224,5280 Jorge Parkway Suite 572,West Jenniferchester,United States,English
276c7935,Ashley Anderson,paul79@example.net,54857878,3146 Gina Ways,East Stevenville,United States,English
5a5ed7eb,Shelley Keller,heatherjones@example.com,21939691,03763 Garcia Fords,Kathleenport,United States,English
584fc85b,Mrs. Elizabeth Knapp MD,michaelcooper@example.org,58346617,,Lake John,United States,English
c9f7369f,马凤英,jhicks@example.com,62024180,,齐齐哈尔市,China,Chinese
d50cf57e,Molly Benitez,dennismckenzie@example.com,91373068,01749 Shawn Freeway Apt. 544,Lake Nicholas,United States,English
d556b37d,Heather Sanders,grahamsteve@example.org,42318787,696 Roberts Lodge Apt. 529,Collierstad,United States,English
24bde1a8,David Stout,hgarcia@example.org,35629254,166 Daniel Bridge,East Johnland,United States,English
ca41e052,Nicole Clark,whitecarol@example.org,87702622,751 David Ford,North Anna,United States,English
ef40d162,Victoria Kennedy,robert26@example.com,41589320,6618 Desiree Keys Apt. 286,Lake Tiffany,United States,English
cdcd0a34,刘勇,christinacraig@example.com,24986507,石家庄路L座,,China,Chinese
5bd972c7,郑志强,romanmatthew@example.org,74409903,郭街H座,桂香县,China,Chinese
ca226cfe,David Soto,,77015901,179 Gary Loaf,Victormouth,United States,English
43d78f2b,Ann Aguirre,margaret90@example.org,94586000,13568 Erica Green Apt. 067,North Steven,United States,English
66fadca0,Honoré Vincent,taylorvictoria@example.org,37092113,"52, boulevard Gomes",Jean-sur-Mer,France,French
5b6d6b7c,Matthew Garcia,mcculloughlouis@example.com,74279849,492 Aguirre Meadow Apt. 053,Lake Jodi,United States,English
46e32efc,Christopher Mason,michaelmccarthy@example.com,31079149,25957 Joshua Track,Sandraland,United States,English
c438eae0,David Walker,roberta62@example.net,78198434,7701 Rodriguez Neck Suite 245,New Dakota,United States,English
90e0a95b,,pharvey@example.com,66661188,74740 Santana Springs,North Scott,United States,English
980bc81e,,sarah26@example.net,78987658,8271 Brenda Bridge Suite 300,Hunterhaven,United States,English
5738db52,Nicholas Bartlett,nlee@example.net,25461307,559 Laurie Mill Suite 619,East Kimberlyport,United States,English
38a06ffe,Mary Rivera,jeffery98@example.com,92628777,57399 Susan Springs,Patrickville,United States,English
8b661d1f,Carrie Caldwell,mwilson@example.com,52234155,,Newmanton,United States,English
85f80d9b,Sarah Cooper,snichols@example.com,38991659,0649 Laura Plaza Suite 368,Fosterburgh,United States,English
05e15e2f,Maria Sims,mccannjames@example.net,43948178,69694 Christopher Land,New David,United States,English
4fe5c13b,Willibald Ullmann,danny20@example.net,39783634,Conradiallee 25/18,Karlsruhe,Germany,German
0beb7c34,Melinda Ramirez,whitemelissa@example.org,36504492,261 Martin Garden,Rhodesside,United States,English
4c955f6a,Jessica Wright,james67@example.org,37989797,9594 Johnson Village,Hillshire,United States,English
c48d5650,桂浩,guerraapril@example.com,79192790,,斌县,China,Chinese
66fadca0,Joshua Webster,taylorvictoria@example.org,37092113,953 Walter Shore Apt. 644,New Stacyburgh,United States,English
290a3d67,Tiffany Moyer,david78@example.com,59324817,6862 Susan Turnpike,East Erichaven,United States,English
365bc763,Curtis Campbell,parkerwilliam@example.com,97619041,55699 Marilyn Fields,Marthafort,United States,English
5283aac7,Allison Perez,,68648019,78742 Walters Overpass,South Michaelmouth,United States,English
d1366db1,Sergio Löwer,shawdon@example.org,95252020,Centa-Heß-Ring 8059,Zeulenroda,Germany,German
548b2ce3,Paul Thomas,kimberly18@example.com,52298758,46013 Wise Mills,Lake Virginia,United States,English
1f178f93,Ronald Haas,jamesmorales@example.net,53281387,941 Wendy Flat,Lambland,United States,English
c7552c99,Elizabeth Matthews,weekseric@example.com,61227484,3618 Lopez Coves Suite 974,East Damonside,United States,English
388629ff,Michael Osborn,kmullins@example.net,71127882,64622 Miller Ports,New Raymondland,United States,English
b3a9dcaa,Martin Medina,joshuacollins@example.net,43423662,85691 Hale Stream,North John,United States,English
a23ff67d,Maria Fischer,kimberlybrandt@example.com,78738251,12281 Williams Harbors Suite 229,Adammouth,United States,English
32cb28ba,Richard Garcia,jacobbond@example.net,23833370,12604 Sarah Meadow,New Jameston,United States,English
d04f6197,Preston Harrison,kaitlinhale@example.com,67399984,5704 Eric Row Apt. 928,North Randy,United States,English
91c46efc,Victoria Thomas,kimberlyfreeman@example.net,89046279,0074 Kathleen Extension,South Kristen,United States,English
7eaa7a91,Maria West,ssmith@example.net,99863434,5738 Briana Spur,Sandramouth,United States,English
da1d3dab,Tonya Jensen,gmurphy@example.com,55725161,3033 Hanson Garden,Navarromouth,United States,English
b2b9437a,Donald Lewis,curtis61@example.com,53283286,407 Teresa Lane Apt. 849,Barbaraland,United States,English
4a965478,,xnorman@example.net,69542341,2202 Ebony Summit Apt. 326,North Calebfort,United States,English
f42323d9,Mark Thomas,davidthompson@example.net,69503695,81674 Jennifer Gardens,Thompsonbury,United States,English
002ccb25,Lucas Drake,jennifer50@example.org,71282889,218 Yu Landing,Willismouth,United States,English
b4f02f6f,James Fields,morrowthomas@example.net,65468956,14351 Jenny Locks Suite 902,Gonzalesborough,United States,English
76f186ab,Mrs. Catherine Taylor,mjohnson@example.org,56523167,54868 King Terrace,West Michael,United States,English
c48d5650,Jessica Bartlett,guerraapril@example.com,79192790,53584 John Roads,Davidport,United States,English
d73e7bb9,Joseph Sheppard,parmstrong@example.com,26329821,60898 David Throughway Suite 223,East Brad,United States,English
b69adeac,James Flores,qorozco@example.com,84248994,33993 Romero Parkways,Averyview,United States,English
bade33a0,शर्म सेनगुप्ताजी,paulangela@example.com,62943001,76/640 नायर,भद्रक,India,Hindi
a9597663,Jonathan Peterson,gshort@example.com,79631916,726 Jessica Run Suite 987,,United States,English
a79ac9aa,Dipl.-Ing. Hans-Friedrich Müller B.Sc.,yleon@example.net,61814814,Fechnerallee 91,Freising,Germany,German
74102d5d,Amy Wade,davidzimmerman@example.net,45221406,75884 Nathan Summit,Jessicaville,United States,English
299ccd73,Julie Riddle,davidsmith@example.net,89916083,38459 Johnson Harbor Suite 449,North Kurtmouth,United States,English
fbec1ed8,Charles Peck,marymullins@example.com,26665786,72395 Dawn Throughway Apt. 027,Alvarezfort,United States,English
f9287d26,Mark Nguyen,laurarichards@example.com,98165198,09792 Townsend Gateway,South Christopher,United States,English
eeada90c,Ryan Wiggins,steven01@example.net,67797046,94353 Justin Place Suite 714,East Joshua,United States,English
55c34853,Denise Brown,crawfordwilliam@example.org,48546442,252 Ayala Ports Apt. 380,Port Michellebury,United States,English
7d5911c6,Dr. Nelly Rogge MBA.,andrea86@example.com,32563621,Konrad-Drubin-Straße 5/9,Schwabmünchen,Germany,German
82ab23a0,Cameron Phillips,rachel00@example.net,42964545,40369 Garrett Station Suite 666,Lake Glenn,United States,English
9bd65690,Gabrielle Clayton,lisa93@example.org,86362288,966 Lindsay Plaza Suite 487,,United States,English
3495311e,Katherine Nolan,dstokes@example.org,21518811,9087 Cummings Locks Suite 039,North Rodneyland,United States,English
bdce635f,Hailey Gutierrez,eugenewalker@example.com,63405451,29087 Kelly Cliff,Coreyshire,United States,English
a7c8f0c5,Eric Huerta,chanson@example.org,77508532,52110 Stacy Drive,Alexanderville,United States,English
a41bc4c2,Mrs. Stacey Riddle,cruzariel@example.org,35792233,5875 Debra Manors Apt. 370,Crystaltown,United States,English
c5583a17,Ann Phelps,paulpowell@example.net,93498483,47649 Michael Court,Williamfort,United States,English
63f2ae24,,uhorton@example.net,73843547,34309 Julie Centers Apt. 978,North Susan,United States,English
c7f4f4f9,सम्मानसूचक चेतना जोशी,dalesandoval@example.net,52809486,2992 नारायण,चिराला,India,Hindi
d5385b0e,Taylor Silva,gateskathy@example.com,57865374,54668 Tracy Groves Suite 706,Elizabethfurt,United States,English
6694c343,Kenneth Parks Jr.,christopher31@example.net,87588517,993 Hayes Mills Suite 964,New Susanville,United States,English
0c1d180e,Wladimir Geisel B.Eng.,jennifermitchell@example.org,69064241,Römerstraße 94-71,Eisenhüttenstadt,Germany,German
9d9363ea,Edwin Rodriguez,pamela26@example.com,52284362,67318 Robert Oval,East Kaylaview,United States,English
43054a31,Jerry Wright,emiller@example.org,58263594,,West Sarahfort,United States,English
e860bcb1,Jasmine Hardin,,84389890,,Nicholasbury,United States,English
0d259caa,Carolyn Fuller,rhernandez@example.org,21954872,130 Edwards Drive,Vaughnchester,United States,English
d5ee2587,Joshua Park,elucas@example.net,68849540,75011 Gregory Glen,New Lorraineview,United States,English
5fb68406,सम्मानात्मक संजना सैनी,zadams@example.net,88065097,75/85 माधव नाथ,मुंबई,India,Hindi
429e09bd,John Wilson,wwilliams@example.net,35722924,7121 Davis Ways Suite 228,Annashire,United States,English
b4209103,Brandon Mitchell,michael43@example.net,88413704,,New Kellyville,United States,English
80dc4cf9,Amanda Roberts,xlewis@example.com,35206793,37157 Odonnell Rue Suite 053,Josephview,United States,English
edd97a1a,Matthew Gilmore,mwoods@example.com,24995345,0193 Robin Extensions Suite 206,,United States,English
693e5fcf,Kyle Keller,chavezsteven@example.com,42743868,0785 Daniel Bridge,New Kristineborough,United States,English
4187222b,Lance Wolf,thompsonkendra@example.com,83169835,979 Lin Road Suite 271,Ramosport,United States,English
79900a27,Herr William Sauer,michaelbaldwin@example.com,95231888,Asta-Roskoth-Platz 6-5,Illertissen,Germany,German
d105c8d6,Holly Frederick,brittanygardner@example.net,39993200,737 Guerra Cliff,Chambersberg,United States,English
7fb866b2,,margaret10@example.com,33498138,0667 Jeffrey Light Apt. 680,Anthonystad,United States,English
286e3f0a,,wolfejennifer@example.org,57514115,8151 William Tunnel Suite 672,Jaredton,United States,English
40a3823b,Michael Perez DDS,zcervantes@example.org,71737505,013 Lisa Avenue,,United States,English
74890e8c,Adam Wells,andrew41@example.org,48721815,579 Tracy Gateway,Rodrigueztown,United States,English
43d643ed,Carlito Aguilar Navas,christopher69@example.org,76458018,Pasadizo Odalis Sanz 80 Piso 0 ,Madrid,Spain,Spanish
c0bde748,Jeremy Blair,erichardson@example.org,95596931,72239 Harding Falls Suite 042,Port Phillip,United States,English
70249792,Megan Wilson,lmorales@example.org,45819502,53539 Martinez Villages,Hardyview,United States,English
42d9c5d7,Elijah Short,lbautista@example.net,33427248,,Hallshire,United States,English
ff1b654d,Timothy Burns,jcolon@example.net,92029617,7288 Heather Motorway,Johnsonburgh,United States,English
35ba9357,Leah Bell,imartin@example.org,62658239,95849 Mario Squares,Keithview,United States,English
8d87b7be,Dawn Ford,,68646549,52732 Adam Wall Suite 766,Wallerstad,United States,English
cf7798cc,Noah Leblanc,melissaluna@example.com,21385986,86567 Todd Lock,New Jessicaport,United States,English
2b056167,Kristen Gonzales,andersonkylie@example.net,58949561,07100 Sara Squares Suite 672,East Danielle,United States,English
8de08fc2,Daniel Kane,kim90@example.com,52567126,84210 Alexis Turnpike,New Mario,United States,English
33baba88,Denise Hoffman,derrick99@example.org,22687209,83301 Rivera Mountains,Lake Kellitown,United States,English
092385fe,सम्मानसूचक बलराम मिश्रा,yprice@example.net,22553444,6/5 पवार,चिपलुन,India,Hindi
0d366dfc,Joshua Pennington,fgilmore@example.org,46219085,932 Pierce Plaza,Davisville,United States,English
05d1fb63,Julie Ball,opatel@example.org,39714044,2431 Lisa Manor Apt. 331,New Arthurton,United States,English
2db69edb,Victoria Johnson,yreed@example.com,76914150,816 Jonathan Station Suite 088,West Ryan,United States,English
899ac252,Samantha Gill,foxallison@example.com,28656138,108 Ashley Drive,West Melissa,United States,English
7f5f61aa,Brittany Campbell,,24197149,22031 Lee Bypass,Barretthaven,United States,English
084d7822,Anabel Trujillo Gallardo,williamsrobert@example.org,26294130,Ronda Javiera Jódar 469,Lugo,Spain,Spanish
8d56bff6,कालिदास गोयलजी,tking@example.net,55994595,5102 नाथ,भागलपुर,India,Hindi
c3e1847c,Amber Carter,xwilkerson@example.com,99716325,64908 Steven Rue Suite 181,Port Brenda,United States,English
23900c1d,Stephanie Fields,shermandonna@example.com,72229779,9973 Erin Island Suite 946,Veronicashire,United States,English
8e4c3ab5,William David DDS,heather62@example.com,55132964,,South John,United States,English
c4376d89,Erica Johnson,andersonmichael@example.net,84416260,561 Reed Knolls,Bellbury,United States,English
feb9ea24,Tammy Mendez,ostone@example.com,96684937,93430 Andrew Road Apt. 396,Williamsstad,United States,English
915d9a63,Brett Martin,lisawoods@example.net,94346529,5455 Cooper Loop,West Michelleborough,United States,English
f83b1806,Lori Brown DDS,martinezjesse@example.net,72712876,3065 John Canyon Suite 784,Lopezburgh,United States,English
6db2094b,Lisa Brown,victor32@example.com,43053165,039 Stevenson Isle,West Lonnie,United States,English
8d9957fa,John Russell,robinsmith@example.net,27322121,82496 Miller Roads,Port Tammy,United States,English
c1c4f618,Jeffrey Wood,yvonne35@example.net,35657038,9055 Aaron Ways Suite 209,Port Alyssabury,United States,English
084d7822,Sara Evans,williamsrobert@example.org,26294130,499 Tammy Summit,Sarahland,United States,English
b9ff2c29,,qknox@example.com,86611006,陈街q座,淑珍县,China,Chinese
56b405d7,,ericawilson@example.org,57633441,,,United States,English
80a8a23d,Leslie Carpenter,donnale@example.net,52964116,001 Stacy Trail Suite 396,South Pamelaside,United States,English
b5971e43,Brenda Rogers,banksjo@example.net,61334792,355 Gordon Manors,Brianstad,United States,English
4ce6929f,Damián Capdevila Madrigal,alexandraphillips@example.org,49842143,Alameda de Jose Miguel Rodríguez 3 Piso 5 ,Huelva,Spain,Spanish
255bfc1c,Jeffrey Fisher,xpatton@example.com,67269666,799 Stephen Dale,Adamfurt,United States,English
cff1b675,Steven Mayo,greenkristen@example.org,22853347,1459 Nelson Extension,,United States,English
b41b3143,William Roman,contrerasangela@example.net,34676635,41182 Campbell Fords,Jamesview,United States,English
6a1d9731,Joel Bradley,jamescollier@example.com,67095728,49478 Walker Turnpike Apt. 244,Martinezport,United States,English
fe731856,Connor Riley,mary16@example.com,83794531,1072 Becker Pike Suite 982,Tommyland,United States,English
a0ff3498,Brittany Montgomery,armstronganthony@example.net,72069313,5233 Lee Ville,Lake Kimberly,United States,English
b65feea9,Angel Miller,cameronhill@example.net,27136310,,Beasleychester,United States,English
58c158e2,Oscar Smith,bryanwiggins@example.org,91724824,9557 Ellis Port Apt. 424,South Nathan,United States,English
894a05e4,Javier Ramirez,nancyjones@example.net,48147924,,Barreraburgh,United States,English
20509c62,Richard Diaz,cherring@example.net,37748062,755 Hines Ports,New Michael,United States,English
b540b30e,Denise Mccann,heidi27@example.org,57719179,477 Peterson Center,Shelleyfort,United States,English
33bcb8a9,Jill Johnson,,88084986,8452 Lynn Path Apt. 307,Reeveshaven,United States,English
c3e1847c,,xwilkerson@example.com,99716325,"547, boulevard de Guillou",Weber,France,French
592fcdc6,Denise Porter,sarah10@example.org,88022768,2677 Daniel Meadow,Duanemouth,United States,English
3ba4f2ba,Amanda Thomas,ruizsamantha@example.org,61875066,202 Rebecca View,South Cherylshire,United States,English
da73dae0,James Mclaughlin,bryan83@example.com,98175951,5289 Daniel Branch Suite 524,South Erin,United States,English
1b388581,Kurt Gilbert,brockronald@example.net,36717818,1982 Copeland Underpass Apt. 092,Bryanview,United States,English
8d56bff6,Karen Wood,tking@example.net,55994595,621 Sean Squares Apt. 138,,United States,English
b0e8b2fa,Robert Preston,gerald40@example.net,95482317,22342 David Common,Vazquezville,United States,English
d109ffe5,Karen Delgado,kwilcox@example.org,65649282,634 Dan Lake Suite 034,New Daniel,United States,English
2482e8d1,Frau Zeynep Adolph B.Eng.,portershawn@example.org,95087815,Henri-Dehmel-Weg 15-81,Bergzabern,Germany,German
b9567731,Thomas Short,willie87@example.com,93655050,3581 Gary Trail,Lake Cameronborough,United States,English
14a9ee59,सम्मानसूचक सुनीता चवन,lisawalsh@example.com,33908972,8/0 आचार्य,करना,India,Hindi
4fe5c13b,Susan Jones,danny20@example.net,39783634,76986 Smith Mountains Apt. 569,Morrisville,United States,English
603ecfef,Stephanie Knight,pauladominguez@example.com,94484020,1746 Scott Tunnel Apt. 406,Cookton,United States,English
457498ca,Susan Ward,smithmichelle@example.net,67309817,68157 Jacob Parkway Suite 800,New Kevin,United States,English
66132e69,Brandon Simmons,nicholas27@example.org,91192832,,Elizabethchester,United States,English
4a68998f,Kelly Jackson,kimberlygarcia@example.net,33788259,7584 King Mount Apt. 545,Rodriguezhaven,United States,English
9b1bc895,Nicole Wilson,tamirodriguez@example.org,83764598,663 Brittany Village Apt. 149,Port Tonyaton,United States,English
d1846c39,Megan Hawkins,anthony44@example.com,51594946,22961 Joyce Burgs Apt. 836,Chavezburgh,United States,English
805f0892,Barbara Mckinney,,68235632,16241 Fred Creek Apt. 723,West Robertside,United States,English
929d6377,Reginald Morrow,amber07@example.net,78893143,1340 Baker Wall,South Michelleville,United States,English
28317f0d,Iwan Vogt,joel84@example.org,95768136,Wiekstr. 47,,Germany,German
fb385671,Sylvia Flynn,yodergordon@example.com,86454770,09410 Scott Landing Apt. 251,Grayshire,United States,English
a5d04d53,Kathleen Moran,robert77@example.org,38731771,263 Michelle Harbor Suite 584,West Jessicashire,United States,English
b7a69c32,Thomas Garcia,hollyhunter@example.com,97408242,857 Kathleen Row Apt. 720,Gonzalezport,United States,English
b9ff2c29,Melissa Little,qknox@example.com,86611006,82417 Joyce Stream Apt. 513,Jeffreyport,United States,English
86e4abac,Yolanda Keith,wilsonnicole@example.org,41758237,86559 Rowland Gardens,Port Christinaborough,United States,English
9bd972ca,Steven Chambers,speters@example.net,82002646,8118 Patricia Via Suite 156,Paultown,United States,English
7606fa34,,michael50@example.com,68167594,183 Kathy Rapid Apt. 855,Josephstad,United States,English
25dccca2,Selena Hopkins,michaeljohnson@example.net,85978242,3136 Tammy Wells Suite 824,Pamelafurt,United States,English
4185300d,Daniel Robbins,conradjason@example.com,88324249,0586 Bauer Centers,Allisonland,United States,English
e7f339dc,Nicholas Fisher,keith09@example.net,44091231,940 Lane Ports Apt. 490,Toddberg,United States,English
94f89e6c,Nicole Owen,qkelly@example.net,93843973,8427 David Overpass Suite 320,Lake Brianland,United States,English
f9d2014a,Travis Conner,lbanks@example.net,62825349,92644 Gregory Alley Suite 902,Samanthabury,United States,English
92aef13c,Mrs. Melissa Davis,,87013531,9215 Jennifer Wall Apt. 606,Brownshire,United States,English
384a9967,Sherry Adams,georgeharris@example.net,31533549,940 Jackson Squares Suite 432,Erinburgh,United States,English
22f3f068,James Hoffman,fortiz@example.com,61451058,2190 Kelly Harbor Apt. 842,Cunninghamfort,United States,English
0ea8d0ee,Alexandra Kelly,gregory08@example.net,38632041,649 Lisa Forges,Josephshire,United States,English
4c955f6a,Alexandrie Louis,james67@example.org,37989797,"63, chemin Constance Martin",Joseph-sur-Hamel,France,French
c8cc7cfe,Russell Richardson,,57024608,39240 Sawyer Plaza Apt. 814,Port Ethanmouth,United States,English
eededb07,Shannon Nolan,evelynestrada@example.com,96493045,232 Nicole Burg Apt. 563,Erikville,United States,English
22a37556,,tgarza@example.org,45994475,45211 Jasmin Roads Suite 186,South Andrea,United States,English
6a0aa7d5,Bernard Norton,powellkara@example.net,31773442,7590 Jessica Mount Suite 186,South Mallory,United States,English
64d6dfbf,William Grant,kari39@example.net,99272604,000 Jennifer Unions Suite 872,West Sarah,United States,English
0e614bcd,Benjamin Murray,brownmarie@example.org,58306107,986 Carpenter Turnpike,South Reginashire,United States,English
e03fff2c,Michael Scott,jenna62@example.com,74909692,623 Montgomery Forges,Whiteside,United States,English
b3510ddc,Diane Nelson,mosleygeorge@example.com,38027018,8896 Vargas Green,Lake Williamberg,United States,English
a8928ad4,Laurie Gross,rodriguezashley@example.com,89666992,3640 Lisa Alley,North Kimchester,United States,English
3a6a22d9,Jeffrey Hardin,hcrane@example.net,83397730,,Lake Sandraberg,United States,English
61223189,Erika Salazar,jacob43@example.com,41515262,552 Coleman Manor Suite 564,Whiteberg,United States,English
c9f7369f,Tara Hanson,jhicks@example.com,62024180,3269 Becky Vista Apt. 846,Arthurton,United States,English
5168bbf2,Melissa Sloan,warnermichael@example.net,87959785,378 Thompson Camp,,United States,English
c5e7ce8a,Bobby Hall,jamesshawn@example.com,37929935,5341 Amanda Gardens,South Noah,United States,English
a7de02cc,Caleb Richardson,ypaul@example.com,93488749,7584 Jessica Common,Morrisonburgh,United States,English
60f91495,Debra Sellers,jasmine39@example.com,71627523,75784 Cisneros Pike Apt. 414,,United States,English
f58703c5,Holly Hill,,63966375,2047 Anne Branch Suite 097,West Sydneymouth,United States,English
3ed8c56c,栗桂珍,karenhudson@example.net,59411525,侯路A座,海口市,China,Chinese
61ad018a,Inocencio Cabrera Vázquez,nichole66@example.org,71709289,Paseo Gertrudis Aranda 4 Apt. 96 ,Soria,Spain,Spanish
c3f62136,Anthony Mathews,rguerrero@example.org,47305930,744 Sullivan Street,New Jeanshire,United States,English
b02b61c4,Melinda Cameron,perezantonio@example.com,37047912,1395 Diana Locks Suite 242,Lake Anna,United States,English
6274d240,Heather Butler,whitney22@example.org,93839595,027 Proctor Dale,East Dawnchester,United States,English
3a8359b6,,mchase@example.org,84354467,0267 Wendy Vista,Kristenport,United States,English
3a6a22d9,Aimé Carpentier,hcrane@example.net,83397730,"27, rue de Le Gall",Letellier,France,French
a021c0ca,Matthew Moore,andreamoore@example.com,43713287,974 Jesse Squares Suite 713,Kristinshire,United States,English
dc1110c1,Jose Ramirez,ilewis@example.net,69281106,76311 Gomez Loop Suite 010,Chandlerville,United States,English
c960b851,Jose Martinez,brian62@example.com,87131897,8701 Joseph Run,West Brookeport,United States,English
9110f698,,hdavis@example.com,61464612,575 Owens Loop Suite 080,Davisberg,United States,English
d1366db1,Katelyn Olson,shawdon@example.org,95252020,84322 Michael Stravenue,Lake Jerrymouth,United States,English
34010b60,Travis Simmons,dmeyer@example.com,79846179,176 Baker Way,,United States,English
3756999b,Jordan Hughes,stephenlee@example.com,38814404,52090 Taylor Walk Suite 762,Jeffreyport,United States,English
2b0e63fd,Kimberly Henderson,dwilliams@example.net,57465708,200 Nelson Glen Suite 539,Brandonside,United States,English
3ff09d13,Sarah Hodge,kevin44@example.org,21516464,963 Hickman Row,South Patriciafort,United States,English
32a447b2,Franjo Möchlichen B.A.,margaret10@example.org,58629830,Jasmin-Oestrovsky-Ring 931,Ahaus,Germany,German
88d7d47c,Katherine Pope,monica99@example.org,57632035,6863 Jonathon Highway Apt. 115,Lake Sheri,United States,English
99db1302,Lisa Maxwell,abbottdominique@example.com,57822684,983 Phillips Center,South Paul,United States,English
1aa3c18e,Jordan Santos,ywoods@example.org,83962887,03896 Angela Center,Cannonberg,United States,English
0ff1c51f,Victor Young,melissa65@example.com,93274269,3132 Eric Expressway Suite 756,New Michaelborough,United States,English
28317f0d,Michael Kelly,joel84@example.org,95768136,0843 Matthew Lock Apt. 168,South John,United States,English
453b45fe,Francis Robinson,brian78@example.com,64599346,13348 Kathryn Forges,Kellyburgh,United States,English
dbbd3290,Devin Lang,destiny67@example.net,39931200,938 Byrd Falls,Amytown,United States,English
0640be0f,张宁,gibsonolivia@example.net,34895554,哈尔滨街Z座,,China,Chinese
66132e69,Emperatriz Arjona Guillén,nicholas27@example.org,91192832,Ronda de María Ángeles Leon 169,Málaga,Spain,Spanish
77a6e17c,Veronica Ferguson,,37233803,627 Brent Light,Jasonmouth,United States,English
c5580bb2,Nancy Rose,nancy92@example.net,34461344,22927 Robert Springs Apt. 794,Youngbury,United States,English
1cf98855,Cynthia Nguyen,maria61@example.net,36439355,2059 Rogers Lodge Suite 749,East Michealport,United States,English
c2492e5e,Sarah Acosta,harristonya@example.com,89931634,24103 Haynes Landing Suite 191,Lake Lori,United States,English
9a86013d,Devin Schmidt,ojones@example.org,59756942,4234 Corey Forges Suite 112,Briannafort,United States,English
1f81e097,Andrew Stephens,huntmary@example.org,65691510,03662 Rios Fork,Mcdanielville,United States,English
69479974,Brian Griffin,jessicaking@example.org,65808843,109 Stephanie Route,Lake Susanland,United States,English
42d9c5d7,आदरसूचक विष्णु पवार,lbautista@example.net,33427248,6/9 जयरामन,बचेली,India,Hindi
b4693ec4,Nathan Miller,swilson@example.com,66901659,738 Roberts Walk Suite 317,Harryfort,United States,English
f1d188b9,Joseph Garcia,amandalopez@example.net,37064978,288 Reese Trafficway,Emilychester,United States,English
7c93f6cc,Elizabeth Walker,smithkevin@example.org,38789727,4510 Burgess Extensions,South Amanda,United States,English
a655596c,Ryan Garrison,,69401042,0122 Maynard Mountains Apt. 793,West Ashley,United States,English
5cbad410,Laura Gregory,nicholasmcgrath@example.net,56503222,15720 Tina Run,Brittneyberg,United States,English
319aed6a,Krystal Fleming,,21476314,9384 Melanie Brooks,Erinmouth,United States,English
1ce97871,,alexander89@example.net,55862193,588 Ryan Stream,South Michael,United States,English
62ada157,Alan Mills,mserrano@example.org,85881096,9908 Christopher Shoals,New Amber,United States,English
93efb5c4,Roberta Robinson,youngaaron@example.org,31826277,721 Rhonda Lake Apt. 472,Sanchezbury,United States,English
ee1caec8,Brian Booth,kjohnson@example.org,63023842,866 Anderson Square,Lake Kelly,United States,English
b6532dba,Jason Lewis,jack01@example.com,31932398,2356 Alvarez Spurs Apt. 659,Morrowside,United States,English
f0ede303,Shawna Griffith,,79996038,73158 Wilson Harbors,Port Roy,United States,English
cd1f75a3,Anita Jimenez,david70@example.org,86067547,0880 Latoya River Suite 883,Clementsstad,United States,English
fd81fbc0,Vanessa Coleman,starkjames@example.com,75413385,,Port Matthewbury,United States,English
2d06e8cf,Melissa Marshall,samanthamartinez@example.org,97506977,889 Dodson Mills Suite 872,,United States,English
ad6ecc57,Tracy Rivera,grodriguez@example.com,43785616,889 Sean Lock,Bartonshire,United States,English
a62d7221,Veronica Mitchell,emily77@example.org,83847906,472 Danielle Junction Suite 996,North Fernandobury,United States,English
ad5406bc,Anita Hunt,tracymorrison@example.net,69463330,562 Wood Landing,West Michaelport,United States,English
f6c8b8b9,Lisa Martin,seanwhite@example.net,51657797,750 Kathleen Fort,West Miketon,United States,English
4ccc9bc2,Timothy Walls,ellisyolanda@example.org,31947224,384 Sarah Cliff,West Justin,United States,English
54d09314,,,23095938,32440 Hanson Flats Apt. 102,New Collinborough,United States,English
2dc4d065,Alan Smith,churchtimothy@example.net,73266456,0914 Ashley Mill,West Katie,United States,English
43d643ed,Kevin Hall,christopher69@example.org,76458018,572 Petersen Spurs,New Dawnton,United States,English
32cb28ba,Odette de la Bousquet,jacobbond@example.net,23833370,"5, boulevard Adèle Lemaire",Turpin,France,French
74300ccc,Douglas Watkins,freemanadam@example.com,34538043,42548 Stephanie Station,Douglasborough,United States,English
1a4b1606,Kevin Jackson,evanskelly@example.net,56238752,2575 Frederick Valleys Suite 033,East Jessica,United States,English
453b45fe,German Meister,brian78@example.com,64599346,Christa-Geisel-Weg 6199,Schleiz,Germany,German
e98965f2,Seth Huffman,mistywhite@example.net,79165232,4474 David Curve,North Cindy,United States,English
8c3d031a,Michelle Walls,jamesweber@example.com,91515082,228 Page Trace Suite 879,Craigside,United States,English
568a220d,Curtis Barron,tayloramy@example.net,86877626,037 Linda Port Apt. 516,New Timothyberg,United States,English
98f6fd7f,Martha Ruiz,booneryan@example.com,59952235,5060 Michael Heights Apt. 687,Marciaville,United States,English
bb7eb979,Sean George,caseymoore@example.com,44182771,570 Gross Brook Suite 935,Lake Tammyfurt,United States,English
0a398bf7,Frank Williams,tracy98@example.com,89509976,583 Abigail Turnpike,,United States,English
5e5a90c1,Samantha Chang,carterdennis@example.net,33477658,8683 Cheryl Coves Apt. 794,Lynchmouth,United States,English
a4165dd1,Marie Nash,ryan64@example.org,24006873,5803 Joshua Manor Suite 506,West Christopher,United States,English
acdbd5f2,Daniel Martin,cjohnson@example.org,59527883,80920 Jonathan Falls,Greeneshire,United States,English
3c1fdff0,Shelley Clark,maryhuff@example.com,37588022,11790 Melanie Landing,Travisshire,United States,English
c55ffde8,Maxwell Clark,tmaldonado@example.com,36774571,088 Jon Route,Jameston,United States,English
32d4d3a5,Michael Jensen,elizabeth50@example.org,35422582,75164 Vanessa Village Apt. 791,East Julieborough,United States,English
91ddb9bf,Kathryn Pena,jonathan77@example.com,73445351,522 White Plains,,United States,English
c6196773,Pamela Castillo,tonypearson@example.org,92088102,14659 Daniel Loop,Diazborough,United States,English
3dc98290,आदरवाचक प्रेम महरा,fbrewer@example.com,75105386,97/893 जया बोस,अनंतनाग,India,Hindi
98f6fd7f,संमानित रामचन्द्र सरकार,booneryan@example.com,59952235,8 मल्होत्रा,भागलपुर,India,Hindi
79f7f38c,Kyle Davis,nshepherd@example.org,44924122,610 Mcpherson Springs Apt. 278,West Taylorland,United States,English
471c10ae,Casey Phelps,,38917622,416 Powers Course Suite 231,New Elizabethshire,United States,English
ddfc2a92,Melissa Delacruz,ronaldparsons@example.net,84441470,569 Abigail Mission Suite 038,Terrellton,United States,English
c5acc354,Rebecca Marquez,adamsnorman@example.net,33507054,655 Christopher Inlet,Wardview,United States,English
b0dc75fb,Gabriella Shaw,,75219117,1834 Williams Ports,Ballardland,United States,English
4e733dcc,Veronica Walker,gmendoza@example.com,46535106,1454 Dawson Gateway,Pattyburgh,United States,English
ebf45b9d,Lindsay Ortiz,woodkeith@example.net,91153361,54544 Johnson Divide,Port Brittany,United States,English
dbccc477,Curtis Sellers,kevin33@example.org,81805803,5414 May Locks,Sheilaville,United States,English
11536e99,Kimberly Hartman,myerstheodore@example.net,53858953,4051 Allen Shoals Apt. 952,,United States,English
118a9d29,Megan Young,davidashley@example.net,58816514,169 Donovan Ford,Johnfurt,United States,English
21a4344f,Edward Burgess,jamesbuchanan@example.com,34008123,47451 Mccarty Divide Apt. 685,Port Ralphview,United States,English
a79ac9aa,Jeremy Lowe,yleon@example.net,61814814,148 Davis Terrace,Lake Lance,United States,English
c3e90323,Jane Short,wellsamanda@example.org,65502269,424 Bernard Branch Apt. 100,Medinaland,United States,English
8c0b393a,Cecilio Vizcaíno Carrión,bbush@example.net,87209379,Pasaje Ruth Carballo 7,Cáceres,Spain,Spanish
5bd972c7,Heather Moore,romanmatthew@example.org,74409903,83745 Hammond Trail,Paulahaven,United States,English
43d75413,Joshua Lopez,cwood@example.org,61458144,7434 Edward Square Apt. 158,Arellanoshire,United States,English
88c62063,Laura Price,hancockkaren@example.net,34014630,046 Tyler Freeway Suite 743,,United States,English
69785221,Karen Miller,mtaylor@example.net,69852137,806 Castillo Tunnel,Coopershire,United States,English
c5fae047,韩秀云,walkerjames@example.com,92241472,乌鲁木齐街U座,兴安盟市,China,Chinese
41191aa7,Chelsea Conrad,ylewis@example.org,38977965,60917 Barrett Parkways Apt. 708,New Savannahshire,United States,English
79900a27,Tracey Suarez,michaelbaldwin@example.com,95231888,900 Johnny Lights,Daniellestad,United States,English
e581d601,Mr. Aaron Johnson MD,isabelconway@example.net,39412070,,New Jeremiahfurt,United States,English
75220646,Michael Burns,candice96@example.net,93571832,5792 Sellers Ramp,Lake Dennisville,United States,English
ca6fbff8,Michael Lee,gwilcox@example.com,92584111,1227 Boyle Avenue,Patrickmouth,United States,English
c078bc3e,Henry Anderson,riverapeggy@example.net,55408398,209 Woods Ways,West Evanmouth,United States,English
8c0b393a,Vanessa Morgan,bbush@example.net,87209379,620 Mark Field,Terryside,United States,English
1f878b32,Matthew Johnson,kelsey90@example.net,47742389,100 Robert Light,New Johnnyberg,United States,English
193e638d,,robin55@example.com,73674346,320 Tran Prairie,Phillipsborough,United States,English
efcac577,Gary Miller MD,gary15@example.com,22118119,3315 Buchanan Stravenue,North Paulchester,United States,English
6dadd6c7,Jennifer Robinson,williamdavis@example.org,21302535,26916 Carlson Mountain,Tashatown,United States,English
e5fa855d,Lee Rodriguez,jonessamantha@example.com,48782234,764 Graves Street Apt. 981,North Brittney,United States,English
43dac043,Lisa Brandt,jenniferross@example.net,83258359,8713 Caleb Brooks Apt. 930,Lake Crystalbury,United States,English
7a6eaaa5,Jasmine Berger,davidharris@example.com,99525689,99493 Hill Avenue Apt. 716,New Mark,United States,English
c55be95d,Agathe Le Goff,christine16@example.com,91199837,"85, avenue Bernier",Lacroix-les-Bains,France,French
a2e2d1ca,Nicholas Powell,zachary63@example.org,67146119,196 Hood Estate,Jamesland,United States,English
75cff755,Andrew Davis,,57216772,263 Rachel Street Suite 762,South Hollyton,United States,English
19a6f80e,Kristine Garcia,mikayla56@example.com,37806409,799 Johnson Harbor Suite 299,Williamsmouth,United States,English
8f43a250,Christine Bell,joseph49@example.org,96669698,49587 David Mountains,North Patrickland,United States,English
26f341c8,Joseph Lopez,campbelldavid@example.com,27363496,12073 Fisher Turnpike,Boltonmouth,United States,English
b2a6e468,Renee Browning,hullalice@example.org,94232188,845 Norton Common,Susanmouth,United States,English
53edc74f,Cheryl Osborne,tgarcia@example.com,79902644,10627 Sean Land Suite 988,Wigginsshire,United States,English
1b63205f,Matthew Sparks,amorales@example.org,64135118,276 Matthew Via,Muellerchester,United States,English
7eb3a98f,Mark Thomas,halldiamond@example.org,41789363,508 Bruce Station Suite 405,New Jimmyville,United States,English
3d3fbbec,Lisa Johnson,jennifersalazar@example.org,85618253,,South Kaylee,United States,English
77ff3c31,Julia Conner,megan66@example.org,76885847,8052 Kevin Street Apt. 755,South Ronald,United States,English
4775d7ab,Carolyn Smith,thompsondavid@example.net,37421645,10427 Thompson Station Apt. 837,Port Cynthiahaven,United States,English
614077d3,Erin Cook,kevinmorrison@example.net,27835905,5265 Navarro Roads,Faulknerbury,United States,English
35b80aae,Mary Williams,lopezkevin@example.org,61337070,839 Ramirez Stream,Jonesview,United States,English
87ea651b,Jeffery Nelson,kristinmiller@example.com,85618699,501 Diaz River,West Michaelside,United States,English
546252e7,Nathan Smith,heather01@example.com,63221958,68414 Mendez Forges Apt. 727,Robertside,United States,English
4a68998f,कैलाश गोयल,kimberlygarcia@example.net,33788259,270 त्रिवेदी,धारवाड,India,Hindi
348f9ce0,Ronald Smith,jonesanthony@example.org,93611153,7395 Theresa Flat,West Grant,United States,English
cf133b65,Andrew Murray,sandrahamilton@example.net,55086378,,New Christinebury,United States,English
f8d9bf33,Larry Murphy,,87509056,3477 Daniels Valleys Apt. 061,Colefurt,United States,English
0640be0f,William Carr,gibsonolivia@example.net,34895554,676 Dylan Spurs,Port Michelleville,United States,English
16f791ac,Guy Berthelot,natalie39@example.net,58642480,"73, rue de Hoareau",Denis-sur-Pereira,France,French
365bc763,Mamen Leiva,parkerwilliam@example.com,97619041,Callejón Isaías Solsona 20,Lugo,Spain,Spanish
25e36ccd,Victoire Giraud,qwalsh@example.org,81713324,"610, boulevard Delannoy",Munoz,France,French
a15c159a,Vasco Flores-Elorza,cindy26@example.org,66276491,Pasaje de Juan Luis Bru 65 Piso 8 ,Santa Cruz de Tenerife,Spain,Spanish
3b06dd82,Joshua Johnson,sandra46@example.net,91796129,24189 Melissa Ridge Suite 690,New Thomasview,United States,English
9e11d2cd,Mark Mccall,juliehamilton@example.org,84908668,2400 Flynn Hill,Nicholasberg,United States,English
b0e8b2fa,Aurore-Susan Blanc,gerald40@example.net,95482317,rue Chauveau,Saint TimothéeVille,France,French
867772d3,Stephen Young,mejialawrence@example.net,27739889,363 Daniel Forest Suite 764,South Amandaville,United States,English
a2ef0f53,Jerry Cole,christopher99@example.com,35805342,65807 Brewer Way Apt. 094,Lake Anitaborough,United States,English
a09c4325,Rebecca Smith,danielsloretta@example.net,57291710,27972 Rivera Drives,North Amy,United States,English
9d4e8b5d,Jeffrey Patterson,creyes@example.net,95528244,505 Andrew Avenue,,United States,English
919883f9,Jack Mitchell MD,,34207992,1687 Rich Springs Apt. 903,East Melissaport,United States,English
a15c159a,Jason Garcia,cindy26@example.org,66276491,1173 Kimberly Village,West Jade,United States,English
cb3cf8ca,Amy Copeland,bcarlson@example.net,71729423,246 Christina Garden,Lopezland,United States,English
09ce3cfb,Ronald Horton,katherineharrison@example.net,51691514,04328 Rodriguez Heights,West David,United States,English
ed6f4ee3,Brittany Berry,butlerbradley@example.com,43453847,8671 Simpson Corner,Lake Jessicaborough,United States,English
728f5897,April Johnson,caitlin82@example.com,39151672,3350 Ellison Pass,North Benjamin,United States,English
276c7935,孙志强,paul79@example.net,54857878,武汉街t座,浩市,China,Chinese
09ccdf05,Tiffany Thomas,lukejohnson@example.net,72568770,56730 Miranda Trace Suite 442,East Chadfurt,United States,English
1b19d8b8,,vharrell@example.com,43719645,2181 Rebecca Keys,Jessicaberg,United States,English
9280c5aa,Robert Arnold,jonesraymond@example.net,31627596,669 David Island Apt. 778,Davidside,United States,English
fa5fafdb,Jake Fernandez,amandamartinez@example.org,82179922,2752 Tara Plains Suite 474,Port Annette,United States,English
d3a81c4f,Dr. Danielle Blankenship,catherineflynn@example.com,52053399,16682 Chen Trail Apt. 270,North Robert,United States,English
41f83199,Robin Andrews,kchurch@example.com,92309751,7790 Wilson Cliff,Schultzbury,United States,English
0d95ee72,Robert Jennings,kjimenez@example.net,69808025,54364 Jensen Trace,Williamston,United States,English
b033ee83,Gary Marshall,rachel81@example.com,27235381,383 Ann Stravenue Apt. 966,Lisaborough,United States,English
d847dc53,Brandon Bryant,james94@example.net,62632771,,East Ambertown,United States,English
f910abb3,Dr. Michele Vaughn,wstewart@example.net,93187570,1986 Cardenas Trail Apt. 404,West Sandraview,United States,English
32a447b2,Joshua Holland,margaret10@example.org,58629830,947 Taylor Hollow Suite 488,Kimton,United States,English
39a0f145,魏秀华,hancocktammy@example.net,66673085,蒋街r座,,China,Chinese
d40e53ce,Joshua Anderson,rkramer@example.org,29547049,,Lake Regina,United States,English
260e37cc,Kristin Huerta,smithsarah@example.net,95244185,2175 Mark Harbors Apt. 838,Powellbury,United States,English
db946570,Jason Simpson,jcervantes@example.org,84704593,54516 Diane Plains Suite 603,Cindyfort,United States,English
043f1b5f,Chelsea Johnson,hbell@example.net,94493578,6326 Romero Center,Nelsonville,United States,English
2d06e8cf,Christophe Perez,samanthamartinez@example.org,97506977,"1, rue Thomas Pereira",Lopes-sur-Mer,France,French
8caef9ec,Jeffrey Prince,michael56@example.org,81216321,19036 Vicki Bridge,Port Brian,United States,English
091a5875,,steven60@example.net,99111282,588 Jared Spur Suite 512,,United States,English
3eb862c6,David Burns,denisebennett@example.net,85647078,,South Darlenehaven,United States,English
28b2bf21,Sherri Davis,john52@example.org,45403088,436 Jane Alley Apt. 712,New Erin,United States,English
c5fae047,Jody Nunez,walkerjames@example.com,92241472,762 Gates Rapid Apt. 436,South Laura,United States,English
ec264a0c,Jamie Thornton,hbaker@example.com,47539042,7658 Connor Place,Stephaniechester,United States,English
93ac009a,Mr. Rodney Hurley III,umichael@example.net,25652442,357 John Summit,Meganchester,United States,English
20733f6d,Kelly Reese,xwest@example.net,46529689,8390 Ellis Burgs,South Melaniechester,United States,English
51958000,Jennifer Jenkins,oreese@example.net,33858385,31220 Obrien Ridge Apt. 933,West Christopherfort,United States,English
b37bdb99,Elise Kusch-Beckmann,hornjenna@example.com,92182592,Rörrichtring 93,,Germany,German
32f8dbab,Rodney Wagner,maldonadojohn@example.com,84347592,79855 Mary Green Apt. 406,East Melissaborough,United States,English
84396fc0,Samantha Robertson,cameronmckinney@example.com,66196067,902 Nancy Flats,East Antonioton,United States,English
c8a4ae21,Casey Campbell,alexis19@example.org,43801745,752 Patton Freeway,Whitehaven,United States,English
bea29dfe,Susan Mcgee,kimberly39@example.com,68876573,,West Kristinaton,United States,English
14a9ee59,Andrew Fitzpatrick,lisawalsh@example.com,33908972,44942 Shelton Islands Apt. 342,Spencerport,United States,English
d4bf7a4b,Travis Walker,bwilkerson@example.com,21721964,8536 Nicholas Burgs,Sarahmouth,United States,English
efcac577,Lucas Guillaume,gary15@example.com,22118119,rue Robert Da Costa,,France,French
18bafcc9,Sandra Jackson,bradleyhunt@example.com,26936977,393 Mcmillan Crest Apt. 315,Glennfurt,United States,English
3c8b966c,Ronald Jordan,hamiltonkeith@example.com,78923417,3928 John Trafficway,Port Josephbury,United States,English
c1ab6398,Chelsea Harris,allenchristopher@example.net,82012874,700 Davis Inlet,West Karenfurt,United States,English
8bf160df,Rachel House,wilsonmichael@example.net,54938916,3544 Lee Rapids,Port Karen,United States,English
b3510ddc,Karoline Gude,mosleygeorge@example.com,38027018,Jüttnergasse 14/58,Stade,Germany,German
1feb21c7,Gordon Richards,wwashington@example.org,23709791,40901 Alexa Avenue,Morrisonview,United States,English
7428a656,David Martinez,leslienewton@example.net,33166155,37498 Hooper Village,West Jeremy,United States,English
bddfd7eb,Bryan Obrien,holmeskathleen@example.org,79657022,30523 Jessica Crossroad Suite 473,West Jeanport,United States,English
2ed0b0b2,Dr. Diana Walker,brianlloyd@example.com,49878564,562 Bray Square,Stewarttown,United States,English
54bbbcf8,Tina Hall,lsoto@example.net,58035325,0937 Price Squares Apt. 341,Port Monicaburgh,United States,English
6c21835d,Kelly Johnson,brianbrown@example.com,35673184,4204 Karen Bypass,Lisaville,United States,English
1654c83f,Bianca Newton,williamstanya@example.net,41156869,71189 Turner Mountains,New Jennifer,United States,English
2b0582e0,Tina Olson,johnjackson@example.net,91256374,60256 Robinson Glens,Lynnville,United States,English
042a2f64,Matthew White,meganwilliams@example.com,68917798,9779 Peterson Well Apt. 321,Monicaville,United States,English
b3ecb951,Nancy Jennings,lucasrodney@example.com,33534681,4235 Lee Dam,North Kenneth,United States,English
741a5b09,Jeffrey Romero,,48919095,0988 Mitchell Lights Suite 220,South April,United States,English
b063e9a0,Alyssa Gonzalez,ocampbell@example.com,61081803,0580 Mark Loop,Mooreville,United States,English
18407642,Denise Knight,wsimmons@example.org,67787561,,North Courtney,United States,English
2557c82c,Sarah Carey,georgekyle@example.net,82193290,9737 Padilla Lane,Port Masonborough,United States,English
57f479b5,Virginia Henderson,timperez@example.org,24156974,55426 Darlene Springs,North Alyssa,United States,English
1c31d9b9,Tyler Campbell,gilbertdavid@example.org,25907580,,Hernandezport,United States,English
1f81e097,车静,huntmary@example.org,65691510,程街B座,海门市,China,Chinese
15a905b4,Katie Cox,rodneylandry@example.org,97307686,0848 Taylor Overpass,Alexandrastad,United States,English
c63e0e47,James Bailey,teresaray@example.org,79313131,0448 Holly Run Suite 665,Mariachester,United States,English
5c074653,王帅,xgriffin@example.com,32413471,阜新路z座,昆明县,China,Chinese
da018d29,David Owens,asilva@example.net,55307211,994 Cohen Orchard Apt. 545,Joseport,United States,English
2875ad5d,Karina Wilson,jenniferwatkins@example.com,66821986,53153 Joel Loop Apt. 631,Richardston,United States,English
4c2272f3,Anthony Armstrong,xhernandez@example.org,34944114,49731 Jamie Route Suite 171,Kristenfort,United States,English
5e5ba13d,Megan Richards,daniel37@example.org,45641053,317 Banks Crescent Apt. 004,Wilsonbury,United States,English
b8344070,Samantha Valentine,shanehaney@example.com,88881320,69292 Jackson Spur,Sandrashire,United States,English
b9567731,Alain Faivre,willie87@example.com,93655050,"9, avenue Augustin Barbier",Hernandez,France,French
530ac1c7,Latoya Miller,moorekaren@example.org,31878962,7679 Perry Forge,,United States,English
5133577b,,troy06@example.com,64476751,1591 Jeffrey Views Apt. 215,Perezland,United States,English
01d23a76,Autumn Smith,gwendolynstewart@example.com,86519947,69448 Cunningham Ridge,Victoriafurt,United States,English
c754108f,Tamara George,xsmith@example.com,26744257,39117 Tiffany Place,East Donna,United States,English
8d59c34d,Danny Ferguson,benjamin24@example.org,22297897,33810 Chen Land Suite 184,South Rachel,United States,English
7bd6b0b5,John Hopkins,david59@example.net,82793116,961 Anthony Street Apt. 311,Villafort,United States,English
66373dc7,Courtney Sawyer,baileytaylor@example.net,77815176,12166 Richard Circles Suite 597,Lake Judith,United States,English
e8239943,Danielle Wilson,trevor19@example.net,92278679,796 Burton Mountains Apt. 589,Port Jordanshire,United States,English
ad409244,Parker Davis,smithdevon@example.net,63304262,5794 Nathan Junctions,North Richard,United States,English
507a61a9,Dustin Wilson,,98728354,134 Cody Plaza Apt. 090,North Tracy,United States,English
a911fd6d,Christy Kennedy,jordanjohnny@example.com,42121422,4110 Mark Streets Suite 989,Johnview,United States,English
8557ec6c,Jennifer Hess,perezjessica@example.com,76439221,80339 Boyd Falls,Sotoland,United States,English
f64ab6ec,Nicole Webster,heatherpadilla@example.com,35299565,546 Ferguson Knolls,Josehaven,United States,English
32d4d3a5,शिव मेहता,elizabeth50@example.org,35422582,87 शंकर हजारिका,अखनूर,India,Hindi
1c5f3cba,,melaniejennings@example.com,23085375,2429 Marsh Flat Apt. 652,Waltershire,United States,English
54d1332a,Kevin Ford,ruizmichelle@example.net,63934443,3816 Gutierrez Ways,East Victoria,United States,English
637e4b01,Michael Paul,umatthews@example.org,66123927,179 Crosby Harbors Apt. 537,Sampsonstad,United States,English
3fe68c9c,Allison Lopez,hmcintyre@example.com,75337735,739 Benson Overpass Apt. 121,,United States,English
2c9de90a,Julian White,thompsonjose@example.org,93949955,261 Boyle Inlet,Allenstad,United States,English
c40c5d91,Kari Allen,sjones@example.org,44796820,5812 Jesse Square Apt. 316,Riveramouth,United States,English
c6435300,Kyle Mccormick,cameron18@example.net,96298397,4925 Brandi Divide Suite 462,West Angelicamouth,United States,English
70249792,胡欢,lmorales@example.org,45819502,吴路w座,玉珍市,China,Chinese
fa4cb559,,robert84@example.net,24258749,0489 Isabella Mission Apt. 899,Terryfurt,United States,English
39112943,,xmoran@example.net,52511090,13055 Kelley Landing Apt. 027,Port Jennifer,United States,English
39a0f145,Debra Ortiz,hancocktammy@example.net,66673085,2290 Johnny Valley,Jenniferview,United States,English
c65de86e,Jessica Fisher,wolferoy@example.com,74057389,9916 Jonathan Trafficway Apt. 149,Scotttown,United States,English
640b7b85,Robert Gutierrez,echung@example.org,59672773,5722 Smith Fall Apt. 155,Cooleyside,United States,English
8f9fdc15,Nicholas Wallace,slara@example.org,31613718,629 Douglas Hollow Suite 851,Davischester,United States,English
9997496b,Pamela Garrett,millerbruce@example.org,56437751,1207 Kevin Road Suite 110,West Melissafurt,United States,English
c06a5949,Jeremy Bell,marshallchristine@example.com,99655949,,West Rachelport,United States,English
07fc584e,Lauren Hammond,rebeccaarnold@example.net,54923503,256 Patricia Radial Suite 278,South Michaeltown,United States,English
3dc98290,,fbrewer@example.com,75105386,43634 Kennedy Pines,Ronaldside,United States,English
fc48f615,Robin Taylor,rsellers@example.net,86741158,232 Poole Trace,Burnsshire,United States,English
3e84455f,Debra Wolfe,brownrachel@example.net,71908155,1328 Kevin Plaza Apt. 152,East Hollymouth,United States,English
17e1e8f6,Crystal Lewis,kaylamartin@example.net,55236553,2545 Williams Station Suite 339,East Ashleyfort,United States,English
1a43db54,,cjackson@example.com,82942545,59640 Emily Lodge Suite 820,Port Cathy,United States,English
a8f8687b,Jeanette Parker,georgebrandon@example.com,69078222,53310 Johnson Bridge,Loriland,United States,English
c47d336f,Francisco Coleman,oguzman@example.com,98298267,366 Ryan Park,South Christopher,United States,English
143df5b3,,brettbennett@example.net,56921651,39837 Molly Isle,Susantown,United States,English
457498ca,Guido Steinberg,smithmichelle@example.net,67309817,Saskia-Schaaf-Allee 78/70,Berchtesgaden,Germany,German
69fd28e6,,kkramer@example.net,78466139,71040 Green Cove,West Georgefurt,United States,English
bd5ff093,William Ramsey,brian63@example.org,62356718,996 Johnson Groves Suite 735,Reynoldsshire,United States,English
2482e8d1,Emily Dillon,portershawn@example.org,95087815,14955 Charles Station Suite 474,Santosberg,United States,English
cb68a34e,Lisa Jackson,christophervincent@example.com,53702330,,East Mark,United States,English
0c1d180e,Duane Huber,jennifermitchell@example.org,69064241,31059 Scott Land,East Anna,United States,English
7bf820f6,Amanda Rodriguez,harrisonrebekah@example.org,25426280,0119 Briana Flats,,United States,English
bade33a0,,paulangela@example.com,62943001,8277 Richard Ridges,Port Julie,United States,English
3d333164,Ann Castillo,evan79@example.net,32601043,7262 Sims Squares,Port Courtneyfurt,United States,English
88c982ec,Dana Stevenson,lawsontami@example.net,91934475,15285 Roberto Light,West Tara,United States,English
cadec379,James Morgan,amandagreene@example.com,38135941,556 Mckenzie Islands Apt. 983,Cannonview,United States,English
2a038ad4,Sébastien Guillou,samanthajensen@example.com,24664441,"80, avenue de Briand",Sainte Audrey,France,French
5e09a9ee,Vanessa Howard,hhill@example.com,39915889,390 Kristin Gardens,Port Anne,United States,English
9ae1a991,Chris Brown,shepherdmary@example.net,87877118,203 Ritter Pine,West Nathan,United States,English
63c4e76d,Connie Miller,zacharymarsh@example.net,23534266,8463 Ian Highway Apt. 797,Jackiefort,United States,English
5e6ba460,,brianhunter@example.net,56093344,5333 Matthew Shores,Nealmouth,United States,English
d52d8f91,Jeanette Howe,richard23@example.net,58853248,791 Thomas Brooks Apt. 232,South Timothy,United States,English
bb647511,Cheyenne Lopez,brookemoreno@example.com,74196314,03131 Patty Ports Suite 318,West Jeremyfurt,United States,English
7eb3a98f,周颖,halldiamond@example.org,41789363,昆明路k座,彬市,China,Chinese
1f3eea66,Cynthia Ramos,browningphillip@example.com,56306927,34327 Suarez Trafficway Suite 041,Ruizchester,United States,English
54555290,Mary Tapia,stacey92@example.org,65258905,450 Amy Rapids,Davisview,United States,English
9ace63cc,Matthew White,ihenry@example.org,58688613,06046 Julia Flats,North Gregory,United States,English
6b0ffa79,Dawn Wiley,patricia71@example.com,57026304,6880 Carol Square,West Brandon,United States,English
c7a2ee6f,,richard15@example.net,86032213,Bachmannstraße 24/60,Perleberg,Germany,German
24108e9a,Dylan Cruz,kwright@example.com,43858579,27877 Jimenez Course Suite 873,New Michael,United States,English
5e5b2ad8,John Vaughn,jessicafox@example.com,63326912,189 John Roads Apt. 894,West Amandatown,United States,English
f93c8859,Tammy Knapp,lrichardson@example.org,57901339,125 Coleman Passage Apt. 615,South Danielberg,United States,English
efadf069,Adam Paul,erin53@example.org,92705906,337 Johnson Park Apt. 036,Port Joshuahaven,United States,English
49d0aac1,Carolyn Brooks,jameswhite@example.org,39097464,323 Karen Valleys Apt. 467,Port Danaland,United States,English
0d366dfc,Angelino Vargas Ribes,fgilmore@example.org,46219085,Paseo Elodia Cordero 7,Pontevedra,Spain,Spanish
1073c0c3,Steve Rubio,brenda49@example.net,59268030,0125 Gibbs Knolls Apt. 135,Dustinmouth,United States,English
6db2094b,Mara Naser,victor32@example.com,43053165,Herlinde-Tlustek-Ring 1/1,Schmölln,Germany,German
63a1bcaa,Daniel Barrett,debra50@example.org,41925835,4971 Johnathan Court,Tinafurt,United States,English
2edc017e,Charles Price,baileyhenderson@example.com,37497939,274 Jacob Ville,Harveystad,United States,English
c55be95d,Phillip Miller,christine16@example.com,91199837,47228 Anthony Shore,Michellemouth,United States,English
43c1136c,Benjamin Krause,,23588827,86391 Baldwin Cove,North Chadview,United States,English
42aecc90,Denise Donovan,littlebeth@example.org,52588900,9112 Green Falls,North Troystad,United States,English
ccd7608f,Tyler Black,haynesjose@example.com,25031444,5182 Edwards Forge,Ianborough,United States,English
b27e1442,Michael Abbott,davisnicholas@example.net,25692638,02176 Knight Walks Apt. 803,Port Heather,United States,English
1c5f3cba,Jeanne Roger,melaniejennings@example.com,23085375,rue de Marchand,Couturier,France,French
c57ae3ff,,tiffany71@example.com,78657807,976 Wesley Squares,East Andrewville,United States,English
6c21835d,罗秀荣,brianbrown@example.com,35673184,董路W座,六安市,China,Chinese
40afbf3f,Michelle Mccormick,colecarla@example.net,62182753,868 Krystal Lake Apt. 135,Lake Cheyenne,United States,English
fd98fe33,Sarah Wheeler,terickson@example.com,27679856,,New Thomasshire,United States,English
5fd2bec3,Jeffrey White,daniel77@example.org,39494394,6053 Jake Canyon,South Robert,United States,English
2e3b5fd6,Ernest Morrison,whitneyanderson@example.com,49208538,111 Mays Ford Suite 537,Shellyside,United States,English
f8f40e49,Natalie Sanders,martinkaren@example.com,22785347,9432 Ernest Forge Apt. 878,Kevinbury,United States,English
4ce6929f,Carl Leach,,49842143,81866 Steven Stravenue,Michaelshire,United States,English
1e032a65,Michele Bennett,hortonroger@example.org,41673067,917 Anthony Lakes,North John,United States,English
93acceb8,Tina Boyd,bshaw@example.org,77387512,43397 Lindsay Rest,Richardton,United States,English
c7f4f4f9,Cassandra Lane,dalesandoval@example.net,52809486,669 Joshua Junctions Suite 722,Morrisonhaven,United States,English
bee975da,Derrick Watson,lisa44@example.com,77793041,132 Mccann Mills Suite 469,East Scottchester,United States,English
f6c8b8b9,Clémence Da Silva,seanwhite@example.net,51657797,"196, rue Olivie Guilbert",Morvandan,France,French
7eecdc53,Travis Nielsen,gerald46@example.org,38805564,37676 Cabrera Road Apt. 966,New Michael,United States,English
b465c027,Leslie Huff,tjensen@example.com,75356419,817 Christopher Unions,Davisport,United States,English
0c6b7074,Jennifer Kirby,carloshernandez@example.org,82345915,0997 Smith Place Suite 008,Amandaport,United States,English
08697ffa,Matthew Chan,travistaylor@example.net,35816700,1978 Alvarez Walk Apt. 806,Troyfurt,United States,English
7f6485de,Kimberly Smith,lyoung@example.net,73865526,6719 John Plaza Suite 983,East Eddiestad,United States,English
55f8bbb8,Christopher Patterson,,27006400,6491 Linda Cove Apt. 096,South Karenside,United States,English
c7a2ee6f,Mr. Timothy Howard,richard15@example.net,86032213,74328 Tammy Shore Apt. 461,Tommouth,United States,English
2ff8e87e,Justin Hunt,johnsonmichael@example.org,62618179,0466 Jenny Points Apt. 982,Jacksonview,United States,English
7e7279ce,Dr. Jason Martinez Jr.,,22845477,90742 Johnson Place Apt. 501,Davischester,United States,English
b4d6f3e6,Tracy Lloyd,villegaskimberly@example.net,85666272,081 Crystal Ways,West Eric,United States,English
5487fd4f,Mary Martinez,william65@example.com,31464733,,,United States,English
d5f0fb6a,Samuel Marsh,danielhorton@example.org,41251757,69797 Cheryl Tunnel,Cherylberg,United States,English
bdd640fb,Daniel Doyle,garzaanthony@example.org,31255506,89083 Robinson Radial,Lisatown,United States,English
e7f339dc,Astrid Imbert,keith09@example.net,44091231,"47, rue Hernandez",Morinboeuf,France,French
edd97a1a,,mwoods@example.com,24995345,"74, avenue de Fontaine",De Oliveira,France,French
2a038ad4,Nathan Fuller,samanthajensen@example.com,24664441,12196 Richmond Island,East Joshua,United States,English
c3101e2e,,matthew21@example.org,58144912,0375 Wagner Corner Suite 565,East Karen,United States,English
44e928ac,Kenneth Bartlett,john53@example.com,78443419,137 Cox Knoll Apt. 579,South Kristie,United States,English
b37bdb99,Jennifer Anderson,hornjenna@example.com,92182592,277 Merritt Fords,Port Kaitlin,United States,English
4e733dcc,Ing. Thorsten Schenk,gmendoza@example.com,46535106,Folkert-Spieß-Ring 1,Diepholz,Germany,German
dfcaf0b7,Ariana Lozano,bowenrobert@example.net,87102040,74596 Melissa Walk,Finleyfort,United States,English
a155eb2c,Eugene Price,nicholsdarlene@example.net,97414919,901 Reilly Coves,Kristinport,United States,English
18407642,Lope Calatayud-Castañeda,wsimmons@example.org,67787561,Camino de María Pilar Lluch 373 Apt. 33 ,Zaragoza,Spain,Spanish
c47d336f,François Nguyen-Robin,oguzman@example.com,98298267,"92, rue Christiane Leroux",Roussel,France,French
b540b30e,孟淑英,heidi27@example.org,57719179,马街U座,雪县,China,Chinese
05f4949b,Christopher Johnson,patrick11@example.org,39726383,2241 Kristopher Lodge,North Christina,United States,English
4ff85111,Erin Daniels,denisecarpenter@example.net,64305022,48262 Lonnie Point,East Lonnieberg,United States,English
72c1e68e,Christina Huffman,xmiller@example.com,69448894,77689 Wolf Viaduct Suite 066,Port Rebeccaport,United States,English
5fb68406,Karen Sosa,zadams@example.net,88065097,33736 Kevin Lane,Port Neil,United States,English
50326fe6,Carl Savage,julie64@example.com,81954681,562 Doyle Overpass Apt. 870,East Brian,United States,English
4e1f39be,Cindy Fuentes,jsmith@example.com,89913529,67949 Mccullough Tunnel,Alvarezberg,United States,English
