CustomerID,FullName,City,State,Phone,Email,Language
CUST-982488,Bhavya Pai,Sambhal,Madhya Pradesh,85047214,kannanzaitra@example.org,en
CUST-675543,Vincent Handa,Malegaon,Telangana,63683512,saumyadevan@example.org,en
CUST-719618,Wazir Raja,Ahmedabad,Tamil Nadu,96115997,hemani18@example.net,en
CUST-76106,విక్టర్ వర్మ,కతిహార్,హర్యానా,82506479,balendra95@example.net,te
CUST-699048,অমৃত জয়রামন,কিরারি সুলেমান নগর,পাঞ্জাব,76472551,aryanisha@example.com,bn
CUST-195964,रचना अणे,ओंगोल,आंध्र प्रदेश,73057684,ira68@example.net,mr
CUST-51251,Anamika Dua,Jhansi,Meghalaya,61559690,elijahhora@example.net,en
CUST-742391,Vrishti Mangal,Serampore,Punjab,92422330,laban57@example.org,en
CUST-731512,Benjamin Grover,Vasai-Virar,Manipur,95498977,zmajumdar@example.net,en
CUST-433740,স্যামুয়েল নিগম,লনি,গোয়া,68072410,vincent16@example.net,bn
CUST-753449,Qushi Apte,Tumkur,Jharkhand,81347146,hritik93@example.net,en
CUST-297838,Eesha Ben,Junagadh,Karnataka,88181636,abhimanyu04@example.org,en
CUST-609382,Jagrati Sibal,Ambala,Gujarat,76526876,bhavyasunder@example.net,en
CUST-334224,Noah Cherian,Unnao,Tripura,85516252,wakeeta05@example.org,en
CUST-714780,Inaya Mander,Patiala,Mizoram,89747300,faris70@example.org,en
CUST-957685,யக்னேஷ் பட்லா,லக்னோ,ஹரியானா,79639791,darsh19@example.org,ta
CUST-791792,Bachittar Khatri,Pali,Haryana,92709166,mkohli@example.com,en
CUST-843623,Pooja Rau,Mirzapur,Mizoram,68033900,azaanmadan@example.net,en
CUST-716890,Dominic Cherian,Guntur,Odisha,92115344,gollawatika@example.org,en
CUST-839132,Yash Chandran,Belgaum,Andhra Pradesh,95785985,ranatara@example.net,en
CUST-285517,Vrinda Narayan,Tiruvottiyur,Uttarakhand,97835491,ukhanna@example.net,en
CUST-46906,Chavvi Bal,Alappuzha,Manipur,65107270,suleomaja@example.org,en
CUST-195964,Rachana Anne,Ongole,Andhra Pradesh,73057684,ira68@example.net,en
CUST-352914,Forum Kota,Ramagundam,Andhra Pradesh,71129125,simonzachariah@example.org,en
CUST-388012,Max Dutt,Jamalpur,Punjab,78913235,gayathri75@example.net,en
CUST-810587,सानवी भट्ट,सलेम,पंजाब,74196530,ichatterjee@example.org,hi
CUST-119243,Jeevika Purohit,Bareilly,Andhra Pradesh,63374150,rachana75@example.com,en
CUST-424206,अबीर शेट्टी,देवघर,बिहार,85482152,anthony55@example.org,mr
CUST-901969,माधवी संघ,सहारनपुर,तेलंगाना,69118672,eiravatibahri@example.net,hi
CUST-771113,Garima Barad,Gandhinagar,Sikkim,92038890,sgandhi@example.org,en
CUST-527217,Yauvani Sekhon,Thanjavur,Chhattisgarh,89747509,chandratheodore@example.com,en
CUST-452572,Jhalak Bora,,Goa,99999610,lallnetra@example.net,en
CUST-384318,Urmi Nanda,Sambhal,Maharashtra,77164632,devsani@example.com,en
CUST-252065,William Korpal,Tadipatri,Tamil Nadu,75308183,nikita10@example.org,en
CUST-810587,Saanvi Bhatt,Salem,Punjab,74196530,ichatterjee@example.org,en
CUST-159515,ఆండ్రూ కాంట్,విశాఖపట్నం,మిజోరం,64781389,manimohini@example.org,te
CUST-807720,வியாட் ராம்,மங்களூர்,மணிப்பூர்,77534250,pavaniraval@example.com,ta
CUST-316310,Bhavika Varty,Sangli-Miraj & Kupwad,Sikkim,87683884,advaypurohit@example.org,en
CUST-612053,Guneet Ghose,,Madhya Pradesh,74672223,doshiojasvi@example.org,en
CUST-36345,Chakrika Mandal,Bhavnagar,Jharkhand,93033527,rohan86@example.com,en
CUST-702306,Qadim Iyengar,Pimpri-Chinchwad,Mizoram,88578188,dayaldayita@example.org,en
CUST-217776,Tejas Dhaliwal,Jammu,Punjab,85991645,chatresh57@example.org,en
CUST-813865,Amruta Mukhopadhyay,,Punjab,68504621,stella@example.com,en
CUST-656179,काव्या पारेख,झाशी,झारखंड,83315942,pnatt@example.org,mr
CUST-904414,Ekani Din,Etawah,West Bengal,83502566,onagar@example.net,en
CUST-464445,Irya Doshi,Guntur,Bihar,64103874,usangha@example.net,en
CUST-868853,అతి భగత్,విజయవాడ,మధ్యప్రదేశ్,92109646,ansh87@example.com,te
CUST-355427,मनन सिंग,मुरादाबाद,हिमाचल प्रदेश,88216891,khareishanvi@example.org,mr
CUST-197357,Vasudha Raja,Khandwa,Sikkim,72072317,aptesiddharth@example.org,en
CUST-135294,Parth Bora,Aligarh,Bihar,73734774,panini86@example.org,en
CUST-384804,Yochana Ramaswamy,Imphal,Meghalaya,64409331,tbrar@example.org,en
CUST-750958,Bhavani Bhagat,Warangal,Rajasthan,61137747,tanejarajeshri@example.net,en
CUST-420033,Triya Krishnamurthy,Guntur,Uttar Pradesh,76137648,oeshiloke@example.net,en
CUST-693229,Anamika Pillay,Kavali,Jharkhand,99113298,wdevi@example.org,en
CUST-234899,ऐशानी बंदी,,हिमाचल प्रदेश,61862080,tara94@example.org,hi
CUST-685692,Aryan Krish,Sambalpur,Sikkim,79149657,singhjai@example.org,en
CUST-48671,Onkar D’Alia,Panvel,Jharkhand,85123194,chamansaini@example.net,en
CUST-296378,गीतिका ढींगरा,दानापुर,मिजोरम,63213426,radhabhat@example.org,hi
CUST-982071,Falan Anne,Jamshedpur,Tamil Nadu,68918621,boralogan@example.net,en
CUST-158522,Warhi Sarna,Jammu,Himachal Pradesh,89893968,halderforum@example.org,en
CUST-85166,Devika Nazareth,,Arunachal Pradesh,83447617,ubika03@example.com,en
CUST-629256,Rachit Hayer,Dhule,Manipur,87385732,qmalhotra@example.org,en
CUST-902026,রেভা জয়রামন,পুনে,হরিয়ানা,83929459,harsh56@example.org,bn
CUST-596712,Ojas Tara,Bokaro,Tamil Nadu,65559803,chaddominic@example.org,en
CUST-699165,अरुणिमा शुक्ला,आयझॉल,मणिपूर,64746695,ansh28@example.org,mr
CUST-882429,Yadavi Sahni,,Rajasthan,75442006,shivansh80@example.org,en
CUST-928458,అనితా పాల్,డెహ్రాడూన్,త్రిపుర,91691976,kauryashvi@example.com,te
CUST-882829,వర్షా భగత్,సూరత్,తెలంగాణ,84149965,aryabhatti@example.org,te
CUST-350965,Shravya Lanka,Danapur,Jharkhand,65645945,yashodhara70@example.com,en
CUST-528602,Veda Dora,Mirzapur,Goa,97764207,tandonudyati@example.net,en
CUST-523307,Vasana Bhargava,Secunderabad,Uttar Pradesh,85774349,krishnapraneel@example.net,en
CUST-722570,Girik Tata,North Dumdum,Goa,86415039,uwali@example.com,en
CUST-366055,Lajita Chowdhury,Khammam,Mizoram,85931732,panchalpallavi@example.net,en
CUST-143021,Wakeeta Dhingra,Haridwar,Meghalaya,65592495,ndeshmukh@example.net,en
CUST-860760,Samesh Tandon,Kharagpur,Madhya Pradesh,98764865,karankhanna@example.org,en
CUST-544106,పాట్రిక్ చావ్లా,సోనిపట్,అరుణాచల్ ప్రదేశ్,77257794,gaurika85@example.net,te
CUST-759111,Reva Shan,Nizamabad,Uttarakhand,64291613,hsem@example.org,en
CUST-776179,Champak Nayar,,Maharashtra,72434041,ucchalsinghal@example.org,en
CUST-384318,उर्मी नंदा,संभळ,महाराष्ट्र,77164632,devsani@example.com,mr
CUST-507113,Madhavi Dora,Belgaum,Madhya Pradesh,75655864,xiti11@example.net,en
CUST-296050,Nidra Bawa,Ujjain,Uttarakhand,84774514,tnigam@example.net,en
CUST-371342,पीटर जयरमन,मुंबई,गोवा,83445476,rajujanya@example.net,hi
CUST-238013,Anmol Mittal,Kadapa,Kerala,62973299,upadhyaypatrick@example.net,en
CUST-115502,Naveen Vora,,Telangana,75699943,esheth@example.org,en
CUST-776179,चंपक नायर,हावडा,महाराष्ट्र,72434041,ucchalsinghal@example.org,mr
CUST-238013,আনমোল মিত্তল,কাদাপা,কেরালা,62973299,upadhyaypatrick@example.net,bn
CUST-197765,George Kala,Sambhal,Sikkim,78191555,chavvi69@example.net,en
CUST-807720,Wyatt Ram,Mangalore,Manipur,77534250,pavaniraval@example.com,en
CUST-482388,Guneet Rattan,Munger,Tamil Nadu,99804316,ojasvi19@example.org,en
CUST-424206,Abeer Shetty,Deoghar,Bihar,85482152,anthony55@example.org,en
CUST-700890,Dayamai Sastry,Coimbatore,Maharashtra,84421303,spant@example.org,en
CUST-155211,Sai Sandal,Vadodara,Nagaland,75992008,rohanbarad@example.org,en
CUST-395900,Gavin Iyengar,Kumbakonam,Bihar,91712771,hkota@example.org,en
CUST-54946,Leena Dhar,Tiruvottiyur,Odisha,65716609,ukhare@example.com,en
CUST-631383,Veda Hans,Meerut,Maharashtra,83403716,sekhonfinn@example.org,en
CUST-656179,Kavya Parekh,Jhansi,Jharkhand,83315942,pnatt@example.org,en
CUST-982488,भव्या पाई,,मध्य प्रदेश,85047214,kannanzaitra@example.org,hi
CUST-475318,Gavin Goda,Serampore,Meghalaya,66896665,rajagopalancaleb@example.com,en
CUST-378544,Adweta Nanda,Machilipatnam,Tripura,66724075,borahvedant@example.net,en
CUST-2976,Hiral Ben,Tadipatri,Tripura,98602048,maanas34@example.com,en
CUST-514750,Bahadurjit Sinha,Arrah,Rajasthan,64157077,radhika62@example.com,en
CUST-274795,Bakhshi Sankaran,Alwar,Assam,82973638,nidhipatil@example.net,en
CUST-378512,Anirudh Patla,Bhiwani,Mizoram,98326497,mohantylavanya@example.org,en
CUST-97213,चंपक प्रभाकर,वडोदरा,नागालँड,66542003,onichokshi@example.com,mr
CUST-467521,Falak Mann,,Himachal Pradesh,68085357,aradhana46@example.org,en
CUST-296378,Geetika Dhingra,Danapur,Mizoram,63213426,radhabhat@example.org,en
CUST-957685,Yagnesh Patla,,Haryana,79639791,darsh19@example.org,en
CUST-355427,Manan Singh,Moradabad,Himachal Pradesh,88216891,khareishanvi@example.org,en
CUST-839653,Chakradev Balan,Bhavnagar,West Bengal,73801445,urandhawa@example.org,en
CUST-924965,Samar Sha,Thane,Haryana,69928603,oommenreva@example.com,en
CUST-863748,Hemal Misra,Vadodara,Goa,68266802,bsampath@example.com,en
CUST-226647,Jai Dhingra,Bhilai,Kerala,75332258,semsamaksh@example.net,en
CUST-699165,Arunima Shukla,Aizawl,Manipur,64746695,ansh28@example.org,en
CUST-544106,Patrick Chawla,Sonipat,Arunachal Pradesh,77257794,gaurika85@example.net,en
CUST-754678,Manya Gulati,Kurnool,Tripura,99552708,basuaahana@example.com,en
CUST-339216,Bakhshi Kota,Rampur,Uttarakhand,64159825,aryanhegde@example.org,en
CUST-766479,Caleb Sundaram,Machilipatnam,Tripura,88582690,singhhema@example.org,en
CUST-903673,गौतमी दुगर,कोल्लम,सिक्कीम,84075933,banjeet25@example.net,mr
CUST-928458,Anita Pal,Dehradun,Tripura,91691976,kauryashvi@example.com,en
CUST-467521,फलक मान,जौनपुर,हिमाचल प्रदेश,68085357,aradhana46@example.org,hi
CUST-699702,Luke Sura,Vadodara,Tamil Nadu,89141358,jairaj19@example.com,en
CUST-753511,কেয়া গিল,কারাইকুড়ি,তামিলনাড়ু,99433959,ekarajjaggi@example.org,bn
CUST-29697,Manthan Wason,Sangli-Miraj & Kupwad,Sikkim,63511812,tamanna12@example.org,en
CUST-709358,Dakshesh Kashyap,Fatehpur,Uttar Pradesh,74651456,cram@example.net,en
CUST-738830,Warjas Ghosh,Silchar,Jharkhand,72389463,bmisra@example.net,en
CUST-414472,Panini Doshi,Kalyan-Dombivli,Odisha,65308183,ravelomisha@example.com,en
CUST-323537,Rohan Keer,Tirunelveli,Assam,62496611,finn48@example.com,en
CUST-703892,Yochana Joshi,Berhampore,Nagaland,98627855,charita44@example.org,en
CUST-639699,Saksham Kala,Hindupur,Telangana,79156448,yutikabiswas@example.com,en
CUST-882829,Varsha Bhagat,Surat,Telangana,84149965,aryabhatti@example.org,en
CUST-143021,வகீதா திங்க்ரா,,மேகாலயா,65592495,ndeshmukh@example.net,ta
CUST-603639,Riya Dani,Kolhapur,Sikkim,82968728,saisekhon@example.org,en
CUST-271799,Upasna Borah,Davanagere,Chhattisgarh,86254423,karvrinda@example.org,en
CUST-390480,Nandini Srinivas,Pallavaram,West Bengal,94044787,patricknaik@example.net,en
CUST-238497,Jacob Palla,Vijayanagaram,Punjab,74371630,cheriangaurika@example.net,en
CUST-390480,नंदिनी श्रीनिवास,पल्लावरम,पश्चिम बंगाल,94044787,patricknaik@example.net,hi
CUST-370089,Janaki Dash,Asansol,Kerala,93478691,thomasvala@example.net,en
CUST-348465,বৈষ্ণবী শর্মা,তিনসুকিয়া,অরুণাচল প্রদেশ,89174564,jshetty@example.org,bn
CUST-40016,Ranveer Hora,Tiruchirappalli,Nagaland,92682253,vasagarima@example.org,en
CUST-712050,Gautam Mammen,Chandrapur,Manipur,93132030,pavanichoudhury@example.net,en
CUST-286316,Bahadurjit Divan,Sambhal,West Bengal,78301181,miteshsaxena@example.net,en
CUST-83269,Bachittar Sethi,,Kerala,79286942,jeetbutala@example.com,en
CUST-689954,Adya Deo,Dindigul,Telangana,78377708,niharikaaurora@example.com,en
CUST-613088,Balendra Sura,Patiala,Bihar,92223415,samrapratyush@example.com,en
CUST-875339,Vaishnavi Ramaswamy,Sri Ganganagar,Tripura,96914434,nitaranaik@example.net,en
CUST-699048,Amruta Jayaraman,Kirari Suleman Nagar,Punjab,76472551,aryanisha@example.com,en
CUST-435074,Advay Mitter,Tadipatri,Chhattisgarh,97711728,tbhat@example.net,en
CUST-431852,Rohan Majumdar,Kishanganj,Rajasthan,77599710,patrick67@example.net,en
CUST-396007,Udant Maharaj,Akola,Uttarakhand,85127566,krishnavarty@example.net,en
CUST-982071,फलन ॲनी,जमशेदपूर,तामिळनाडू,68918621,boralogan@example.net,mr
CUST-717820,Gopal Mishra,Noida,Goa,98016943,jraghavan@example.net,en
CUST-525527,Vanya Guha,,Chhattisgarh,63455995,patlachakradev@example.net,en
CUST-711277,ইয়ামিনী সুরেশ,বুলন্দশহর,কেরালা,97977494,dashaarush@example.org,bn
CUST-109004,Lipika Arora,Bhilwara,Haryana,73607050,rohanchakraborty@example.net,en
CUST-729572,Vinaya Baral,Ambarnath,Kerala,73956661,ekapad01@example.com,en
CUST-711277,Yamini Suresh,Bulandshahr,Kerala,97977494,dashaarush@example.org,en
CUST-258807,Janaki Lanka,Kumbakonam,Assam,63446849,vrittishetty@example.net,en
CUST-717820,গোপাল মিশ্র,নয়ডা,গোয়া,98016943,jraghavan@example.net,bn
CUST-868853,Ati Bhagat,Vijayawada,Madhya Pradesh,92109646,ansh87@example.com,en
CUST-761115,Dominic Natt,Karimnagar,Manipur,68301175,fnayak@example.com,en
CUST-76106,Victor Verma,Katihar,Haryana,82506479,balendra95@example.net,en
CUST-593100,Shravya Jani,Amroha,Telangana,77123690,chandraoscar@example.com,en
CUST-115852,Saumya Chand,Sambhal,Tripura,81673470,darpandada@example.com,en
CUST-476862,Vivaan Kumer,Panipat,Gujarat,62745183,gautamagarwal@example.com,en
CUST-6276,Gopal Kapur,Korba,Karnataka,76908880,danielamble@example.net,en
CUST-712171,Bhavika Dhaliwal,Panvel,Odisha,94739259,utkarshlad@example.net,en
CUST-992931,Udyati Narayanan,,Haryana,78111892,siya67@example.com,en
CUST-783807,Akshay Tiwari,Karaikudi,Bihar,97315322,udarsh61@example.com,en
CUST-879239,Damini Loyal,Pali,Chhattisgarh,94074654,amara74@example.com,en
CUST-469160,Jagvi Bhattacharyya,Ratlam,Jharkhand,86664349,charansaxena@example.org,en
CUST-154480,Maanav Basak,,Haryana,71766065,amrutabhatia@example.org,en
CUST-175841,Damini Kapadia,Proddatur,Maharashtra,87095630,qushi85@example.net,en
CUST-903673,Gautami Dugar,Kollam,Sikkim,84075933,banjeet25@example.net,en
CUST-528835,Radhika Nazareth,Jamshedpur,Madhya Pradesh,76117957,patrick67@example.org,en
CUST-84965,Faraj Choudhry,Fatehpur,Bihar,86826523,rsetty@example.org,en
CUST-753511,Keya Gill,Karaikudi,Tamil Nadu,99433959,ekarajjaggi@example.org,en
CUST-766479,कालेब सुंदरम,मछलीपट्टनम,त्रिपुरा,88582690,singhhema@example.org,hi
CUST-271886,Widisha Bali,Patna,Karnataka,63309005,rkonda@example.net,en
CUST-181778,William Karpe,Kochi,Rajasthan,63947534,mannfrederick@example.org,en
CUST-59453,Aarnav Rai,Unnao,Madhya Pradesh,99582947,grewalosha@example.net,en
CUST-299009,Harshil Dhawan,Tadepalligudem,Andhra Pradesh,68624611,oeshimunshi@example.net,en
CUST-541416,Chameli Kashyap,Hajipur,Arunachal Pradesh,79114290,walihredhaan@example.net,en
CUST-348465,Vaishnavi Sarma,Tinsukia,Arunachal Pradesh,89174564,jshetty@example.org,en
CUST-316310,பாவிகா வர்த்தி,சாங்லி-மிராஜ் & குப்வாட்,சிக்கிம்,87683884,advaypurohit@example.org,ta
CUST-92565,Onkar Chandra,Sri Ganganagar,Jharkhand,79076042,samar40@example.net,en
CUST-535228,Amol Chaudhari,Eluru,Arunachal Pradesh,98902212,falankhatri@example.net,en
CUST-922246,Unni Vig,Sonipat,Himachal Pradesh,81701955,maneumang@example.com,en
CUST-395791,Wriddhish Sarkar,Gopalpur,Meghalaya,82831075,gmallick@example.com,en
CUST-775809,Oscar Bhagat,Bhimavaram,Bihar,85741941,gardeaadhya@example.net,en
CUST-924965,समर शा,थाइन,हरयाणा,69928603,oommenreva@example.com,hi
CUST-837956,Vaishnavi Krishnan,Kadapa,West Bengal,92401619,basuurvi@example.org,en
CUST-234899,Aishani Bandi,Warangal,Himachal Pradesh,61862080,tara94@example.org,en
CUST-26805,Upma Dayal,,Meghalaya,93786664,warhiloyal@example.net,en
CUST-40016,रणवीर होरा,तिरुचिरापल्ली,नागालँड,92682253,vasagarima@example.org,mr
CUST-593100,শ্রাব্য জনি,আমরোহা,তেলেঙ্গানা,77123690,chandraoscar@example.com,bn
CUST-92565,ওঙ্কার চন্দ্র,শ্রী গঙ্গানগর,ঝাড়খণ্ড,79076042,samar40@example.net,bn
CUST-165998,ভাবনা ওয়াধওয়া,সূর্যপেট,ওড়িশা,73856366,hanslogan@example.org,bn
CUST-198474,Henry Wable,Thoothukudi,Mizoram,65423962,vasanadave@example.org,en
CUST-97213,Champak Prabhakar,Vadodara,Nagaland,66542003,onichokshi@example.com,en
CUST-768920,நித்ரா பாலி,பிதார்,சிக்கிம்,83468129,jayaramankalpit@example.org,ta
CUST-331839,Jackson Ranganathan,Vellore,Uttar Pradesh,76413068,jaikonda@example.com,en
CUST-6276,गोपाल कपूर,कोरबा,कर्नाटक,76908880,danielamble@example.net,hi
CUST-224145,Priya Ghosh,Bhagalpur,Uttarakhand,98163464,savantindira@example.org,en
CUST-551340,Pranav Natt,Patiala,Tripura,94479526,bahrijeevika@example.org,en
CUST-591123,Sara Halder,Sagar,Odisha,99111975,nagichakradev@example.com,en
CUST-245460,Ekalinga Roy,Srikakulam,Meghalaya,62195722,varenyashan@example.com,en
CUST-334092,Ojas Mammen,Darbhanga,Rajasthan,61985869,qvarty@example.net,en
CUST-461404,Rajata Bali,Hapur,Madhya Pradesh,82556678,padmanabhanakshay@example.net,en
CUST-845794,Ria Dugar,Burhanpur,Assam,99093587,olall@example.org,en
CUST-761115,डोमिनिक नट,करीमनगर,मणिपुर,68301175,fnayak@example.com,hi
CUST-444313,Zashil Gokhale,Bangalore,Telangana,62508693,liam86@example.net,en
CUST-902026,Reva Jayaraman,Pune,Haryana,83929459,harsh56@example.org,en
CUST-73992,Chandresh Patla,Kulti,Kerala,92289009,gourmohammed@example.net,en
CUST-747995,Ojasvi Gole,New Delhi,Tripura,74199612,upadhyayanirudh@example.net,en
CUST-346005,Omisha Gade,Sri Ganganagar,Arunachal Pradesh,75259333,danielchhabra@example.net,en
CUST-553404,Pranit Krishna,Amroha,Meghalaya,61147479,jeremiahcheema@example.org,en
CUST-811869,Radha Dhar,,Karnataka,62801344,adya89@example.org,en
CUST-732113,Praneel Nagi,Guntakal,Tripura,72764144,mohantymatthew@example.net,en
CUST-768920,Nidra Bali,Bidar,Sikkim,83468129,jayaramankalpit@example.org,en
CUST-319070,Indrajit Narasimhan,Tenali,Uttar Pradesh,85974479,bkarnik@example.org,en
CUST-959232,Sanaya Natt,Rajahmundry,Himachal Pradesh,97717209,mangatutkarsh@example.org,en
CUST-825469,Dalbir Kibe,Shimla,Himachal Pradesh,72122810,raksha15@example.org,en
CUST-107595,Jeet Raja,,Uttar Pradesh,62761872,oakayushman@example.net,en
CUST-406175,Megha Balan,Chittoor,Arunachal Pradesh,83742681,dmagar@example.net,en
CUST-851889,Widisha Wali,Kadapa,Kerala,78763691,amruta73@example.net,en
CUST-901969,Madhavi Sangha,Saharanpur,Telangana,69118672,eiravatibahri@example.net,en
CUST-154480,మానవ్ బసక్,సతారా,హర్యానా,71766065,amrutabhatia@example.org,te
CUST-871376,Ojasvi Oak,Amroha,Tripura,74738863,pandyaekansh@example.com,en
CUST-371342,Peter Jayaraman,Mumbai,Goa,83445476,rajujanya@example.net,en
CUST-586607,Vamakshi Dar,,Meghalaya,63863523,qarin22@example.org,en
CUST-118922,Qushi Taneja,Kozhikode,Jharkhand,73406419,aarinimanda@example.net,en
CUST-4822,Ekanta Barad,,Haryana,92149591,nimratkorpal@example.net,en
CUST-165998,Bhavna Wadhwa,,Odisha,73856366,hanslogan@example.org,en
CUST-821048,Falguni Sarma,Rohtak,Gujarat,91499249,gaurangsaxena@example.net,en
CUST-283053,Vincent Pathak,Srikakulam,Mizoram,79879827,ghoseanay@example.com,en
CUST-435074,Advay Mitter,তধিপত্রি,ছত্তিশগড়,97711728,tbhat@example.net,bn
CUST-409754,Chakrika Mishra,Madhyamgram,Andhra Pradesh,63371042,fchoudhry@example.net,en
CUST-433740,Samuel Nigam,Loni,Goa,68072410,vincent16@example.net,en
CUST-349824,Vasudha Butala,Nashik,Rajasthan,97821845,yuvrajtalwar@example.net,en
CUST-857307,Falak Nagi,Avadi,Tamil Nadu,91446799,udyati21@example.com,en
CUST-18676,Hritik Soman,Bhiwandi,Chhattisgarh,83168298,triya31@example.org,en
CUST-175841,దామిని కపాడియా,ప్రొద్దుటూరు,మహారాష్ట్ర,87095630,qushi85@example.net,te
CUST-159515,Andrew Kant,Visakhapatnam,Mizoram,64781389,manimohini@example.org,en
CUST-651087,Lipika Luthra,Gandhinagar,Sikkim,98577857,williamchaudhry@example.net,en
CUST-559229,Vrinda Mall,Rourkela,Goa,93928485,ranganathanarjun@example.org,en
CUST-837956,வைஷ்ணவி கிருஷ்ணன்,கடப்பா,மேற்கு வங்காளம்,92401619,basuurvi@example.org,ta
CUST-569868,Dalbir Varughese,Katihar,Odisha,72079642,bdube@example.com,en
CUST-597033,Gayathri Khare,Chittoor,Sikkim,72136382,divyanatt@example.org,en
CUST-4822,একান্ত বাড়ড়,শিমোগা,হরিয়ানা,92149591,nimratkorpal@example.net,bn
CUST-244008,Ekta Kara,Rohtak,West Bengal,76289375,ekani75@example.net,en
