PropertyID,Address,City,Zip,Type,Bedrooms,Bathrooms,SquareFeet,YearBuilt,Price,AgentPhone
PRP-28968,,Lake Julieville,75955,Single Family,3.0,3.0,3784.0,1952.0,"$1,897,261.00",45517008
PRP-30252,0299 Scott Stravenue Apt. 669,South Jeremyberg,,Single Family,1.0,2.0,1571.0,2001.0,"$497,706.00",56457196
PRP-99309,59084 Bonnie Haven Suite 855,Lake Davidborough,57851,Single Family,4.0,1.0,3900.0,1992.0,"$731,239.00",64246665
PRP-47965,347 Jordan Keys Suite 176,East Shelby,99704,Single Family,5.0,4.0,4016.0,1925.0,1289383,74822052
PRP-52032,0148 Smith Ways,Kaylaton,65596,Multi-Family,3.0,4.0,3538.0,1916.0,1971133,26943938
PRP-30252,0299 Scott Stravenue Apt. 669,South Jeremyberg,,Single Family,1.0,2.0,1571.0,2001.0,"$497,706.00",56457196
PRP-37823,9396 Jackson Vista Apt. 835,South Mariaberg,38180,Townhouse,4.0,1.0,2849.0,2014.0,426919,
PRP-77136,2614 Whitney Greens,East Laura,21133,Single Family,2.0,5.0,1974.0,1900.0,1263335,99196149
PRP-65160,9061 Janet Trail,Port Darlene,48934,Multi-Family,1.0,4.0,4187.0,1940.0,1888607,85538531
PRP-10736,,Port Andrewshire,83112,Townhouse,5.0,3.0,3394.0,1911.0,249178,48278548
PRP-65745,337 Mccullough Corner Suite 186,South Spencer,32984,Condo,3.0,3.0,4423.0,1919.0,611304,26565382
PRP-69932,769 Brian Falls,Port David,07153,Single Family,2.0,3.0,2074.0,1960.0,821100,93379317
PRP-7157,51213 Cook Lock,Allisonfurt,25445,,1.0,1.0,673.0,1916.0,"$426,195.00",76121223
PRP-11265,87803 Haas Plaza,Aguirreton,88268,Townhouse,3.0,,2154.0,1968.0,1611563,
PRP-88467,5988 Wong Manor,Johnborough,83202,Single Family,5.0,,1880.0,2086.0,1949542,52792230
PRP-5179,26714 Gilbert Pine,Port Cheyenneberg,09013,Condo,5.0,4.0,3116.0,1957.0,1103205,43663842
PRP-68179,47312 Jones Plains,Adamland,08223,Condo,2.0,4.0,2591.0,1998.0,1676172,76219005
,93696 Patel Rue,Sullivanshire,69080,Condo,4.0,4.0,,2087.0,1519298,35151227
PRP-16368,,Lesterport,71435,Condo,2.0,4.0,1647.0,2095.0,1206142,65817742
PRP-98434,06493 Mejia Bridge,Lake Phyllis,16035,Townhouse,4.0,4.0,15.0,1977.0,1000629,74796620
PRP-8817,04530 Lynch Turnpike Apt. 588,West Claudia,30573,Condo,5.0,4.0,4005.0,1915.0,"$587,395.00",52086842
PRP-66489,76108 Williams Ferry Suite 971,Port Melissa,50456,Single Family,5.0,1.0,4992.0,1952.0,238326,77552457
PRP-83326,53659 Ritter Groves Suite 698,Riversland,56980,Townhouse,6.0,1.0,1983.0,1949.0,1115423,84053051
PRP-56892,01328 James Fork Apt. 188,West Rachael,60936,Single Family,1.0,,1342.0,1969.0,722305,36237804
PRP-20207,09297 Maurice Stravenue Suite 953,East Gary,84378,Condo,6.0,3.0,4689.0,1977.0,444023,89413514
PRP-43649,12900 Preston Shoals Apt. 117,Port Danielle,83509,Condo,5.0,2.0,589.0,1950.0,1846256,87968443
PRP-7017,36514 Valdez Hills Apt. 142,Stephenborough,16272,Condo,1.0,2.0,4744.0,1936.0,"$882,267.00",95216575
PRP-83137,48709 Hernandez Loaf,Michelleshire,53830,Condo,4.0,5.0,1860.0,,891793,54564436
PRP-95929,665 Ferguson Track,New Molly,,Condo,4.0,5.0,,1976.0,"$480,350.00",82535940
PRP-86489,471 Brandi Crescent Apt. 332,Deanfurt,01968,Multi-Family,4.0,5.0,2784.0,1918.0,1710611,92103001
PRP-8383,2948 Laura Creek,Jessicahaven,74996,Condo,4.0,2.0,1942.0,1924.0,1294659,98463955
PRP-94496,3481 Rachel Stream,North Jonathanton,20650,Townhouse,6.0,3.0,4601.0,2023.0,1218204,
PRP-46990,4235 Smith Hill,East Christineside,18784,Single Family,2.0,1.0,15.0,1917.0,560872,38453073
PRP-26062,8309 Rhonda Ports Suite 713,Davisville,19530,Townhouse,4.0,3.0,1829.0,1913.0,1052740,26074594
PRP-89304,0000 Michelle Stream Apt. 152,North Haileyfort,13380,Townhouse,6.0,1.0,15.0,1916.0,,52609063
PRP-93232,718 Catherine Flat Apt. 913,,84915,Townhouse,4.0,4.0,2993.0,1992.0,1657549,74521129
PRP-75949,680 Andrea Run Suite 294,Mullinston,20553,Condo,4.0,,4615.0,1978.0,479979,59753436
PRP-14201,867 Frey Crossroad Apt. 129,Scotttown,36309,Single Family,6.0,3.0,1757.0,1956.0,850962,43211564
PRP-41724,54268 Green Vista,Williamsfort,25928,Condo,3.0,1.0,4755.0,2015.0,1741654,67749750
PRP-64182,891 Soto Groves Suite 983,Saramouth,31881,Condo,,4.0,,1997.0,329390,97759837
PRP-86651,463 Sandoval Lights,West Jessicafort,06403,Multi-Family,6.0,4.0,1999.0,1956.0,842394,96145699
PRP-1957,1238 Duncan Terrace Apt. 434,Weaverbury,,Multi-Family,4.0,5.0,3037.0,1972.0,1048697,79007181
PRP-46110,21743 Kim Pine Apt. 526,South Michelleside,57572,Multi-Family,6.0,1.0,1395.0,1981.0,1300853,79333338
PRP-99330,5883 Compton Landing,Randolphside,23120,Townhouse,2.0,4.0,3921.0,1926.0,1019980,99731493
PRP-2625,4687 Nancy Crescent,North Jerry,92286,Townhouse,6.0,4.0,4377.0,1914.0,,75598147
PRP-48415,8294 Teresa Field Suite 015,West Kathryn,36904,Condo,6.0,4.0,3574.0,2013.0,757635,99273639
PRP-57325,3454 Moore Forges Apt. 065,Port Jeremyburgh,,Multi-Family,6.0,5.0,3066.0,,968879,83579443
PRP-94166,33510 Smith Radial,Martinezview,84782,Multi-Family,3.0,5.0,3455.0,1988.0,1513067,89235958
PRP-64528,3279 Sarah Station,Dawnbury,87850,Single Family,1.0,2.0,4778.0,,115229,87179520
PRP-4576,36510 Joseph Hill,Stephanieview,17740,Condo,1.0,2.0,1460.0,2023.0,1559157,44861431
PRP-74870,2918 Reyes Shoals,Lake Curtis,07460,Single Family,5.0,1.0,2915.0,2008.0,899970,81987735
PRP-36306,22775 Heather Cove,West Jennifer,05931,Townhouse,3.0,5.0,1511.0,1935.0,1877691,97464534
PRP-19615,62654 Horn Fields,Lake Jill,91249,Condo,3.0,1.0,998.0,2001.0,1555011,58587512
PRP-18825,223 Murphy Estate,South Erikastad,02445,Single Family,3.0,5.0,1331.0,1931.0,1700081,44117664
PRP-4284,5591 Frederick Inlet,Craigshire,11294,condo,6.0,3.0,3070.0,1973.0,"$272,453.00",32615089
PRP-71770,,Bartlettport,35806,Multi-Family,3.0,2.0,1487.0,1938.0,1129376,88536080
PRP-69605,5420 Jacqueline Way,Antonioton,16844,Townhouse,3.0,5.0,4018.0,1981.0,612857,28814098
,3259 Alexander River,Antonioport,06245,Condo,4.0,4.0,1325.0,1901.0,"$228,044.00",68691118
PRP-81617,,West Joseph,22371,Condo,1.0,5.0,1684.0,1941.0,1492640,71143465
PRP-23927,9632 Serrano Ridge Suite 232,Kristinebury,26003,Multi-Family,1.0,1.0,1921.0,1952.0,1265577,98807435
,5668 Ramos Flats,East Paul,25142,Condo,4.0,5.0,4798.0,1910.0,709648,95472297
,8694 Mark Radial Suite 501,New Dennisburgh,08180,Multi-Family,5.0,2.0,3900.0,1931.0,476602,85687302
PRP-60727,64883 Peters Station Suite 852,New Elizabeth,22824,Townhouse,5.0,5.0,,1990.0,"$576,713.00",82605453
PRP-14077,015 Steven Flat,South Shawnbury,07563,Townhouse,5.0,4.0,4553.0,1960.0,662740,87531599
PRP-40207,00677 Blake Vista Apt. 550,East Cynthia,01949,Multi-Family,,5.0,4469.0,1951.0,1650224,34568010
PRP-84191,74883 Sharp Knoll,Port Sarahshire,86829,Townhouse,,5.0,3702.0,1948.0,528248,81659757
PRP-37156,52769 Heather Pine,Hoffmanberg,99822,Single Family,5.0,2.0,1032.0,1916.0,644471,56355494
PRP-42173,54731 Valencia View Suite 397,West Michael,15664,Condo,6.0,,3751.0,,1008306,55116385
PRP-13582,2114 Kristine Springs,Garrettberg,44692,Single Family,1.0,2.0,2120.0,,465211,53683855
PRP-96877,9692 Alexander Creek Suite 296,West Jamie,91559,Single Family,5.0,4.0,3191.0,1938.0,842166,31056729
PRP-5101,3983 Macdonald Plains Apt. 842,Laurenfurt,83157,Townhouse,6.0,2.0,3760.0,1989.0,746133,22729056
PRP-97488,3919 Aaron Pike Apt. 141,Yatestown,76476,Condo,6.0,4.0,2633.0,1984.0,208525,61843355
PRP-80668,1847 Kelly Walks,Ramirezburgh,30528,Multi-Family,6.0,5.0,1979.0,,"$139,013.00",
PRP-72805,776 Tina Port,Port Kimberlytown,52573,Condo,5.0,5.0,933.0,2022.0,1295889,58688796
PRP-13272,3690 Mary Garden Suite 727,Port Ericchester,85718,Single Family,3.0,3.0,4483.0,1927.0,1572810,92175560
,75699 Campbell Squares Suite 667,Lake Brian,08176,Condo,3.0,1.0,1963.0,1984.0,1289701,22206616
PRP-17042,97687 Tyler Hill Suite 712,Lake Jaredtown,05285,Townhouse,4.0,1.0,,1923.0,1796680,75394046
PRP-82199,621 Thomas Avenue Apt. 508,Lake Megan,55597,Condo,3.0,5.0,3709.0,1906.0,800134,22058074
PRP-77623,64222 Cook Radial Apt. 704,Josephberg,14294,Multi-Family,3.0,4.0,2820.0,1948.0,1278897,91736459
PRP-12347,7349 Matthew Fork,Emilytown,58741,Townhouse,3.0,1.0,2720.0,2017.0,1147004,73712251
PRP-3918,6957 Anthony Crossing Apt. 482,Melissaview,33427,Multi-Family,5.0,3.0,630.0,2016.0,1550904,47611033
PRP-21879,7905 Hernandez Wall,Middletonshire,27728,townhouse,4.0,3.0,4121.0,1983.0,394539,36828999
PRP-55914,085 Melissa Stravenue,North Justinton,18278,Single Family,6.0,2.0,565.0,1919.0,1888996,33977157
PRP-57537,90255 Chambers Underpass Suite 442,New Lisashire,71281,single family,4.0,4.0,2987.0,1930.0,539212,21186878
PRP-20900,209 Amber Isle,Danielfort,82937,Condo,2.0,,2026.0,1990.0,,
PRP-40902,0104 Heather Via Suite 245,Zavalahaven,48183,Townhouse,5.0,5.0,2239.0,1974.0,108652,45262258
,928 Reed Terrace Apt. 595,North Michael,09762,Single Family,1.0,4.0,15.0,1992.0,1852005,41263013
PRP-28931,906 John Tunnel,Jonathanfurt,50473,Multi-Family,3.0,4.0,2092.0,1950.0,"$179,219.00",23562878
PRP-25367,,West Kellytown,79790,Townhouse,2.0,2.0,3654.0,1945.0,769653,95348885
PRP-77591,09690 Simpson Green Apt. 922,Sheenahaven,60052,Condo,1.0,2.0,1067.0,1935.0,"$949,490.00",34058396
PRP-89776,19165 Lopez Passage Suite 231,North Eric,77321,Townhouse,2.0,5.0,3394.0,2021.0,206758,86077211
PRP-47581,97609 David Corners Apt. 657,South Alexis,10811,Townhouse,4.0,1.0,3445.0,1950.0,892130,45828231
PRP-26581,7718 Todd Villages Apt. 076,North Ianport,72201,Single Family,1.0,2.0,1361.0,1941.0,"$1,906,463.00",83313788
PRP-18825,223 Murphy Estate,South Erikastad,02445,Single Family,3.0,5.0,1331.0,1931.0,1700081,44117664
PRP-59210,416 Ferguson Divide,Figueroafort,87962,condo,3.0,1.0,1763.0,1939.0,954120,41606329
PRP-14688,85588 Jessica Island Suite 721,Hawkinston,93408,Townhouse,1.0,,1230.0,1943.0,1653111,58622902
PRP-7,016 Sara Junctions,Hillton,60709,Townhouse,4.0,4.0,3906.0,2020.0,927640,74939020
PRP-62749,5485 Justin Station,Woodfort,77257,single family,2.0,2.0,4426.0,2022.0,1495115,62217899
PRP-27605,20471 Taylor Expressway,Wilsonmouth,45424,Single Family,6.0,2.0,2572.0,1970.0,906753,67546945
PRP-50841,13885 Nicole Hill,East Maria,21154,Townhouse,3.0,4.0,1176.0,1997.0,"$999,577.00",57323498
PRP-42844,2045 Grimes Overpass Suite 580,Pattonport,42304,Condo,,2.0,4645.0,1905.0,1069235,21748567
PRP-69181,54378 Rick Forest Apt. 591,North Elizabethmouth,91085,Single Family,3.0,5.0,3799.0,1975.0,1272241,89925320
PRP-147,2085 Tyler Spurs,Rebeccamouth,30306,Single Family,5.0,1.0,15.0,1965.0,1695850,43216978
PRP-58805,20095 Peter Unions,,75374,townhouse,5.0,4.0,4785.0,1997.0,,32808517
PRP-87518,2049 Lindsey Hills,Noblefurt,79944,Townhouse,6.0,1.0,,2015.0,272844,
PRP-40677,12840 William Roads,Andrewfurt,44284,Townhouse,3.0,5.0,3694.0,2003.0,1669454,55334571
PRP-9633,4556 Christopher Camp,Davidside,53879,Townhouse,1.0,1.0,1521.0,1957.0,724869,25646553
PRP-46110,21743 Kim Pine Apt. 526,South Michelleside,57572,Multi-Family,6.0,1.0,1395.0,1981.0,1300853,79333338
PRP-70723,44470 Shaw Path,Romeroshire,43832,Multi-Family,6.0,5.0,15.0,1909.0,447116,98689344
PRP-51950,1880 Barbara Glens,Lake Jeremy,93529,Condo,5.0,2.0,2013.0,1985.0,"$837,219.00",21923384
PRP-76044,841 Sara Loaf,Gregoryborough,02363,Townhouse,2.0,,4537.0,2019.0,811305,92352468
PRP-84603,0695 James Overpass,Ramseychester,12226,Multi-Family,4.0,2.0,3345.0,2001.0,260771,66165913
PRP-5073,946 Smith Forks,East Stephaniemouth,31824,Single Family,1.0,3.0,2423.0,1960.0,843024,21055155
PRP-9996,481 Medina Ways Suite 868,Esparzaport,01606,Townhouse,1.0,1.0,3412.0,1928.0,"$1,631,920.00",62805194
PRP-70683,97461 Jennifer Shore,Simpsonside,,Single Family,3.0,1.0,3738.0,1989.0,357901,48425578
PRP-31605,38297 Taylor Way,Michaelbury,95332,Townhouse,3.0,1.0,3884.0,1964.0,1043911,69981699
PRP-94265,424 Mathis Ridge Apt. 145,Garretthaven,60516,condo,1.0,1.0,4450.0,1934.0,1353819,69597228
PRP-7594,9118 Rodriguez Highway,East Randy,63067,Townhouse,5.0,3.0,1810.0,1902.0,158492,63475979
PRP-2284,58857 Warner Ranch Suite 703,New Adamborough,88456,Multi-Family,4.0,5.0,1787.0,2019.0,1866707,73602388
PRP-834,8254 Stephanie Cliff,Port Lisa,93243,Condo,1.0,4.0,15.0,2022.0,814713,29416465
PRP-24684,172 Heather Inlet,Port Richard,27927,Single Family,5.0,1.0,4832.0,1927.0,1601165,53883814
PRP-86662,61337 Kline Junctions,East Bradley,33860,Multi-Family,,1.0,1557.0,1968.0,977476,98602126
PRP-62185,152 Daniels Flat,West Margaretchester,24612,Townhouse,2.0,5.0,1372.0,1908.0,544407,28746064
PRP-61274,2786 Ali Corners Suite 255,Hayesside,89674,Multi-Family,,1.0,2108.0,1913.0,"$168,771.00",25802948
PRP-55996,1204 Smith Street,Grahammouth,29912,Condo,6.0,3.0,3718.0,1913.0,1323999,62694372
PRP-1403,2799 Potter Island Apt. 024,Jasonland,23181,Multi-Family,2.0,3.0,889.0,1923.0,185750,21536269
PRP-3363,468 Smith Islands Suite 443,East Kristopherville,89030,Townhouse,2.0,4.0,576.0,1928.0,1658486,28765606
PRP-25671,24707 Christine Bypass,Lake Rhondaborough,48557,Condo,2.0,4.0,,1960.0,141162,96994975
PRP-95918,71594 Gonzalez Highway Apt. 053,Dixontown,29631,Multi-Family,4.0,2.0,947.0,2002.0,879046,82995422
PRP-89795,53701 Sarah Street Suite 244,Martinchester,27251,Townhouse,6.0,5.0,4046.0,2018.0,646110,34201723
PRP-5179,26714 Gilbert Pine,Port Cheyenneberg,09013,Condo,5.0,4.0,3116.0,1957.0,1103205,43663842
PRP-46062,19509 Megan Valley,Port Dianemouth,24871,Townhouse,6.0,1.0,3656.0,2018.0,989277,53488827
PRP-86662,61337 Kline Junctions,East Bradley,33860,Multi-Family,,1.0,1557.0,1968.0,977476,98602126
PRP-75041,797 Katherine Way Apt. 831,New Erin,42239,Townhouse,3.0,4.0,1490.0,1906.0,524797,58704874
PRP-93804,97013 Wilson Harbor Apt. 658,Amberfurt,40732,Single Family,1.0,2.0,3604.0,1983.0,1751327,34464444
PRP-23971,6484 Mendoza Islands,Molinaberg,19525,Single Family,,2.0,3601.0,2021.0,320206,32799625
PRP-69932,769 Brian Falls,Port David,07153,Single Family,2.0,3.0,2074.0,1960.0,821100,93379317
PRP-2830,974 Scott Knoll,Richardland,,Single Family,1.0,5.0,4001.0,2022.0,1624016,62482481
PRP-54454,5430 Knight Forges,Pereztown,04431,single family,1.0,2.0,,1983.0,438082,36755206
PRP-89662,34190 Jennifer Village Apt. 615,South Drew,95438,Condo,4.0,4.0,1261.0,1905.0,1176555,75744673
PRP-68447,85969 Dylan Port Apt. 408,Ashleyborough,23454,Single Family,6.0,2.0,4230.0,2060.0,168382,46727051
PRP-78049,11708 Reilly Pass Apt. 186,Kevinberg,21566,Multi-Family,2.0,,4339.0,1992.0,1807915,94482406
PRP-27899,566 Brittany Ways,Deannatown,47350,Condo,1.0,3.0,4382.0,2022.0,380164,31616723
PRP-7157,51213 Cook Lock,Allisonfurt,25445,,1.0,1.0,673.0,1916.0,"$426,195.00",76121223
PRP-18690,9664 White Walk Apt. 074,East Micheal,94532,Multi-Family,1.0,5.0,4915.0,1991.0,1817205,38714399
PRP-58473,642 Jones Stream,East Brianhaven,33430,Condo,4.0,1.0,4783.0,1982.0,1489446,34996051
PRP-70851,16020 Davis Plains,East Mikeshire,67735,Multi-Family,6.0,5.0,1722.0,2010.0,933629,53324438
PRP-7338,49150 Russell Fall Apt. 976,North Jessica,29403,Multi-Family,3.0,5.0,875.0,2122.0,1506022,98535544
PRP-93439,3726 John Drive Apt. 450,Stevenfurt,86147,Single Family,4.0,3.0,1239.0,1950.0,1861210,43412833
PRP-5581,98778 Sanchez Island Suite 664,,78592,Condo,4.0,,3156.0,1934.0,527648,82598308
PRP-45003,92693 Matthew Rest Suite 138,New Jenniferstad,48447,Townhouse,4.0,5.0,3432.0,1949.0,,22278580
PRP-85486,2311 Sheryl Drives Suite 489,Flemingland,59581,Townhouse,,1.0,2306.0,2022.0,1950287,39163750
PRP-16780,2573 Ronald Rapids,Jeremyshire,91242,Single Family,5.0,3.0,2635.0,1948.0,1462664,45098472
PRP-39234,736 Rebecca Square,Harrisfurt,18832,Condo,5.0,4.0,15.0,,914162,97852531
PRP-81955,20414 Freeman Harbors,Lake David,98714,Single Family,4.0,1.0,,2009.0,1065954,72485863
PRP-42458,9949 Williams Ridges,West Kendraborough,56848,single family,2.0,5.0,4996.0,2006.0,1767724,53419313
,091 Cory Corner Apt. 786,New Valerietown,19155,Single Family,4.0,5.0,2241.0,1923.0,521403,28673993
PRP-65602,97398 Garcia Estate Apt. 097,North Hayley,15593,Condo,1.0,2.0,2833.0,1905.0,380347,85316426
PRP-96877,9692 Alexander Creek Suite 296,West Jamie,91559,Single Family,5.0,4.0,3191.0,1938.0,842166,31056729
PRP-21365,910 Dawn Expressway,Elizabethland,40188,Townhouse,2.0,,4328.0,1976.0,1552097,79726499
PRP-48622,025 Rodriguez Pines Apt. 763,Evansland,41659,Condo,4.0,3.0,572.0,1912.0,1003461,93022388
PRP-51857,8676 Armstrong Ramp Suite 416,South Pamela,,Single Family,3.0,3.0,4457.0,1937.0,655222,51027449
PRP-21532,8295 Melissa Ports,Port Laura,,Townhouse,1.0,1.0,2971.0,1985.0,121542,39013028
PRP-80844,4988 Welch Islands Apt. 984,East Lisa,57369,Single Family,5.0,2.0,4124.0,1949.0,116496,83615929
PRP-30127,6417 Rodney Canyon,New Connorstad,59189,Multi-Family,6.0,5.0,3565.0,1963.0,1188196,92836272
PRP-99330,5883 Compton Landing,Randolphside,23120,Townhouse,2.0,4.0,3921.0,1926.0,1019980,99731493
PRP-4895,493 Lori Port,Audreymouth,33176,,4.0,3.0,2736.0,1948.0,151837,45524830
PRP-27456,46682 Edward Junction Suite 495,West Jonathan,23054,Single Family,1.0,3.0,589.0,2091.0,789689,55766268
PRP-43915,46921 Charles Ports Apt. 596,Fischerton,73577,Multi-Family,1.0,5.0,2166.0,2000.0,398565,76533755
PRP-24952,34266 Ricky Squares,New Thomasfurt,84418,Single Family,5.0,4.0,1403.0,1915.0,875077,61419565
PRP-72555,457 Luis Tunnel Apt. 092,Port Molly,65636,Condo,6.0,4.0,2103.0,1919.0,497674,21139203
PRP-6471,21010 Jerry Alley,North Heatherfurt,60965,Single Family,1.0,2.0,3568.0,1963.0,722046,52557156
PRP-12579,277 Wilson Valleys,Port Marymouth,32749,Single Family,3.0,1.0,2168.0,2011.0,"$695,835.00",49543757
PRP-8294,16600 Reynolds Mountain,Thompsontown,76098,Single Family,4.0,4.0,1125.0,1914.0,1817241,41178856
PRP-32195,4978 Thomas Rest Apt. 416,Smithborough,33899,Condo,3.0,,720.0,2097.0,1969281,74892594
PRP-39048,80550 Velasquez Harbor Apt. 657,Michaelstad,52545,Single Family,1.0,1.0,3922.0,1967.0,974181,68508060
PRP-41799,59206 Norma Keys,East Lisaberg,04141,Townhouse,3.0,2.0,2927.0,1990.0,663116,32754668
PRP-70991,727 Matthew Well,East Ericton,77169,Condo,5.0,4.0,1214.0,2013.0,323064,47442971
PRP-27501,222 Cynthia Throughway,Jonberg,45865,Townhouse,5.0,4.0,1282.0,1967.0,831696,66645440
PRP-12218,2023 Krueger Flats Apt. 600,Jenniferstad,44695,Multi-Family,2.0,4.0,2192.0,1976.0,552075,68444102
PRP-71214,674 Sanchez Causeway,New Lisashire,,townhouse,3.0,2.0,1260.0,1909.0,1136506,79584407
PRP-72159,0281 Samantha Shoal,New Sean,38378,Townhouse,4.0,5.0,4976.0,1900.0,432164,62244159
PRP-1539,0205 Cannon Spur Suite 195,Port Evelyn,,Multi-Family,5.0,4.0,3783.0,1977.0,669364,52881058
PRP-59371,665 Lopez Mountain,North Joshuaton,85134,Condo,6.0,1.0,866.0,1930.0,177036,52455910
PRP-81204,8105 Dawn Crossing,New Stephen,66343,Condo,4.0,3.0,4592.0,1913.0,,43572552
PRP-70770,889 Thomas Springs Suite 915,West Leahchester,24173,Condo,5.0,2.0,2983.0,2036.0,1308844,97504299
PRP-25609,14281 Tran Land,East Amanda,24986,Condo,3.0,4.0,1710.0,1930.0,415564,69648133
PRP-58779,233 Abigail Drives Apt. 020,West Richard,14631,Townhouse,,2.0,2316.0,1943.0,993545,91629353
PRP-32018,886 Sanchez Drive,North Patrickmouth,29329,Single Family,4.0,5.0,2473.0,1931.0,543842,48712465
PRP-8825,11241 Nathan Walk Suite 886,North Kathleenside,02468,Single Family,2.0,3.0,1517.0,1968.0,,82722271
PRP-73428,225 Brown Falls,Jasonton,51568,Single Family,1.0,2.0,3105.0,2121.0,1676791,82856655
PRP-69397,058 Sara Ville,Lake Kimberly,80646,Single Family,2.0,2.0,1184.0,1934.0,399128,29111153
PRP-67461,799 Jodi Lodge,Lake John,41282,Single Family,5.0,3.0,4053.0,1919.0,1414856,83501556
,37773 Gerald Plaza Apt. 228,Port Kathleen,63112,Single Family,4.0,1.0,1967.0,1948.0,1367904,72565960
PRP-34336,231 Jennifer Knolls,Murraytown,35697,Multi-Family,2.0,4.0,3092.0,1914.0,1760979,83699531
PRP-85654,3453 Steven Squares Apt. 010,East Danielmouth,17030,Condo,1.0,1.0,2373.0,2016.0,286597,93035289
PRP-6181,9147 Parker Mountains Apt. 535,West Samuel,69828,Condo,4.0,2.0,15.0,2004.0,1552123,95886131
PRP-97691,4149 Randall Rapids,Port Catherine,92996,Multi-Family,3.0,3.0,3485.0,1954.0,1971065,46495415
PRP-77803,2603 Robert Unions Apt. 027,Michaelburgh,10690,Condo,6.0,,4401.0,2021.0,1982216,37813224
PRP-98383,04436 Lisa Walk,Danielland,45968,Single Family,4.0,3.0,2100.0,1925.0,1443340,59042120
PRP-80488,989 Carr Keys Suite 663,,38794,Condo,4.0,1.0,4492.0,1900.0,426380,63318711
PRP-87275,7460 Smith Mountain,,08311,Multi-Family,3.0,2.0,1546.0,1987.0,1993526,69615073
PRP-8692,66626 Good Isle Suite 143,Kochfort,52450,Townhouse,6.0,4.0,1322.0,2005.0,436264,66182087
PRP-18690,9664 White Walk Apt. 074,East Micheal,94532,Multi-Family,1.0,5.0,4915.0,1991.0,1817205,38714399
PRP-4359,7990 Raymond Meadow,North Amymouth,63087,townhouse,6.0,2.0,,1957.0,"$1,396,777.00",96277768
PRP-56904,82695 Ryan Grove Apt. 869,Cooperland,28895,Condo,6.0,4.0,517.0,1915.0,1248268,71691732
PRP-22915,18385 Cox Terrace Suite 006,Kevinstad,37883,Condo,3.0,2.0,2138.0,2011.0,133635,81281238
,5238 Morales Dam,Angelachester,55037,Condo,6.0,1.0,4865.0,1978.0,630413,91027997
PRP-13213,9143 Joel Expressway Suite 539,West Angela,40879,Single Family,5.0,1.0,2086.0,2015.0,1302112,47529337
PRP-46538,495 Ralph Forges,Port Curtis,,Multi-Family,1.0,4.0,803.0,1984.0,1445251,46881947
PRP-12889,21254 Diana Harbors,Port Jessicabury,04342,Townhouse,3.0,2.0,2114.0,1906.0,1783436,96101766
PRP-22502,47282 Clay Turnpike,Adamland,64133,Townhouse,6.0,5.0,,1952.0,1955978,22277304
PRP-70076,8130 Nancy Unions Apt. 574,New Brooke,62593,Multi-Family,5.0,5.0,4535.0,1968.0,1224519,54932369
PRP-53171,4576 Porter Underpass,Moralesview,95101,,1.0,,1499.0,1962.0,1445132,51238856
PRP-90189,6844 Stacey Oval Apt. 379,Port Jacobberg,11581,Single Family,5.0,2.0,2080.0,1990.0,1034847,31769955
PRP-56881,00898 Espinoza Crossing Apt. 814,West Patrick,12682,Condo,6.0,1.0,,2018.0,1621082,98566385
PRP-74188,4358 Ramirez Rapid,Santiagoborough,80855,Multi-Family,4.0,5.0,1780.0,1964.0,"$216,889.00",83699105
PRP-41599,05570 Cynthia Manors,Lake Craig,40250,Multi-Family,1.0,,2112.0,1921.0,"$790,434.00",61642584
PRP-27344,12545 Amanda Branch Suite 948,Port Matthewfurt,78612,Single Family,3.0,1.0,4903.0,1923.0,950039,25039788
PRP-2147,2224 Nicole Centers,Olsenchester,34441,Townhouse,4.0,3.0,,1938.0,333892,37851223
PRP-49194,070 Clark Loop,Montgomerytown,82342,Multi-Family,,1.0,1367.0,2000.0,1380463,39431687
PRP-7228,8311 Lisa Isle,North Sierrafurt,69682,Multi-Family,2.0,3.0,1231.0,2002.0,1410238,84964814
PRP-42006,35679 Kaitlyn Crossroad Suite 986,East Carol,38200,Multi-Family,5.0,3.0,4943.0,1943.0,1797605,28821517
PRP-87646,43594 Jennifer Pines Suite 968,South Richardtown,46024,Single Family,5.0,3.0,1112.0,1973.0,,87988130
PRP-83326,53659 Ritter Groves Suite 698,Riversland,56980,Townhouse,6.0,1.0,1983.0,1949.0,1115423,84053051
PRP-99347,00794 Annette Estate Suite 538,North Christineport,13449,Single Family,4.0,2.0,4180.0,1981.0,1312944,31374581
PRP-60599,81793 Johnson Walk Suite 277,Stephanieport,38990,Townhouse,3.0,,1191.0,1953.0,870912,45027182
PRP-13311,2670 Boone Squares,Donovanfurt,20508,multi-family,2.0,1.0,4689.0,1932.0,1330754,84009691
PRP-96622,750 Cisneros Orchard,,55877,Condo,1.0,2.0,696.0,1929.0,995767,82506788
PRP-79966,504 Victoria Highway,East Sabrina,27886,Condo,1.0,5.0,1070.0,1910.0,809474,75113692
PRP-9290,500 Scott Squares Apt. 894,Hollybury,85155,Townhouse,2.0,5.0,1822.0,1901.0,344801,37597297
PRP-85427,161 Evans Way,Port Shirleyshire,98683,Single Family,5.0,4.0,3264.0,1954.0,1521656,94567412
PRP-8185,6862 Avila Gardens,East Megan,27607,single family,5.0,3.0,1196.0,1925.0,391986,98778279
PRP-9690,74039 Michael Radial Suite 529,Jillville,65249,Condo,4.0,5.0,2568.0,2014.0,"$1,939,360.00",74748347
PRP-89295,51618 Burns Ridges Apt. 710,Sabrinahaven,83958,Single Family,5.0,4.0,1525.0,1995.0,544311,87331917
PRP-11024,5049 Maxwell Tunnel Suite 407,Myersborough,90266,Multi-Family,,2.0,1626.0,1956.0,1559524,93983372
PRP-57654,58969 Jason Garden,Lake Adrianmouth,71876,Townhouse,4.0,4.0,,2015.0,1816077,92112406
PRP-76871,4373 Franco Loaf Suite 273,Conwaytown,31227,Multi-Family,4.0,1.0,4306.0,1984.0,1610599,64635175
PRP-60862,88566 Knight Hills,East Franciscofort,87386,Multi-Family,,3.0,1156.0,2005.0,1734639,95827765
PRP-34967,77732 Roberts Brooks Suite 449,Carrville,24154,Townhouse,3.0,4.0,,1992.0,1402018,92904983
PRP-72597,507 Jacob Street Suite 644,Lake Richard,79350,Multi-Family,5.0,3.0,3296.0,2023.0,"$1,927,342.00",43164032
PRP-62694,7368 Michelle Bridge,Kathyfurt,71361,Multi-Family,5.0,4.0,15.0,1961.0,160621,87484829
PRP-56904,82695 Ryan Grove Apt. 869,Cooperland,28895,Condo,6.0,4.0,517.0,1915.0,1248268,71691732
PRP-39962,852 Pamela Cliffs,Port Paul,53099,Condo,4.0,5.0,2690.0,1906.0,1621314,78245081
PRP-36223,235 Ortiz Radial Suite 100,Lake Kendra,02716,Single Family,2.0,3.0,3307.0,,531630,27805068
PRP-63787,1274 Guzman Tunnel Apt. 188,West Christopher,93925,Multi-Family,1.0,3.0,4900.0,1919.0,1259414,43637233
PRP-80337,9545 Laurie Prairie Apt. 776,Lake Kimberlyshire,66816,Condo,1.0,2.0,2253.0,1935.0,1021646,83601916
PRP-358,8332 Becker Walks,,77897,Multi-Family,2.0,4.0,15.0,1903.0,708578,63418388
PRP-50777,84937 Reynolds Port Apt. 870,New Thomaschester,84746,Townhouse,2.0,3.0,4271.0,1918.0,1851651,83484452
PRP-70013,8522 Christopher Stream,Davisside,37312,Single Family,1.0,1.0,4646.0,1938.0,862439,45331001
PRP-25589,361 Haley Garden,South Sharon,67738,Single Family,1.0,1.0,3471.0,1977.0,1733256,71284924
PRP-62492,8122 Mason Turnpike Apt. 567,New Ryantown,,Townhouse,3.0,2.0,1931.0,,1902421,29262043
PRP-10760,028 Vasquez Course,North Aaron,23775,Single Family,6.0,2.0,15.0,2001.0,1444481,41037564
PRP-14002,75681 Moore Points Apt. 152,Lake Samantha,92342,Townhouse,3.0,1.0,,,,81947534
PRP-67461,799 Jodi Lodge,Lake John,41282,Single Family,5.0,3.0,4053.0,1919.0,1414856,83501556
PRP-28968,,Lake Julieville,75955,Single Family,3.0,3.0,3784.0,1952.0,"$1,897,261.00",45517008
PRP-53669,81319 Ashley Tunnel Apt. 487,Jacobsonbury,02753,Condo,6.0,,2694.0,2119.0,1437828,86791981
PRP-60548,1045 Vasquez Flats,Thompsonborough,03750,Condo,2.0,2.0,4203.0,2010.0,"$591,540.00",83236013
PRP-99027,208 Melissa Via Suite 319,South Catherine,54207,,2.0,4.0,1420.0,1962.0,455591,33292666
PRP-86161,227 Aaron Fall,New Kelly,17207,Condo,4.0,4.0,3118.0,1998.0,"$865,510.00",46324639
PRP-40434,967 Jesse Vista Apt. 677,Lake Pamela,81117,Townhouse,2.0,5.0,2953.0,1946.0,1014339,56082234
PRP-77415,69984 Stephanie Crossroad Apt. 509,Lake Meagan,57274,Condo,5.0,4.0,4200.0,1905.0,102099,99495739
PRP-29098,688 Christina Mews Apt. 467,Port Alison,79398,Condo,1.0,4.0,2825.0,1926.0,588719,67759591
PRP-56804,,Jonesmouth,25860,Single Family,5.0,5.0,4802.0,1932.0,1141133,33433003
PRP-33455,9996 Kane Shoals,Mariamouth,12252,Condo,5.0,2.0,4471.0,1991.0,"$1,059,893.00",48219408
PRP-59175,11386 Julia Mountains,Lake Peterberg,24832,Multi-Family,1.0,4.0,4962.0,1912.0,1428598,96151534
PRP-18255,58853 Perkins Extensions Apt. 433,Isaacfort,49652,multi-family,5.0,3.0,2830.0,1941.0,228815,27041739
PRP-67149,79720 Adrienne Squares,Brandiview,05441,Townhouse,2.0,1.0,2983.0,2003.0,"$1,605,355.00",53399090
PRP-72307,81612 Reed Brook Suite 610,South Carolynbury,07759,Townhouse,3.0,4.0,2132.0,2022.0,292874,78255822
PRP-32256,1247 Smith Cape Apt. 181,East Anthonychester,73094,Multi-Family,2.0,1.0,,2001.0,1491464,32719333
PRP-73044,11457 Hunter Gardens Apt. 102,New Jacobborough,58972,Townhouse,6.0,5.0,2736.0,1996.0,1755686,84648795
PRP-47386,9121 Miller Stravenue Suite 119,Markview,02717,Townhouse,4.0,5.0,2374.0,1939.0,1433023,34127660
PRP-41414,2174 Murphy Shore,West Jessica,63760,,5.0,2.0,765.0,1930.0,,36831735
PRP-64291,31829 Jones Stravenue,,22079,Multi-Family,6.0,3.0,4369.0,2002.0,1871110,47364394
PRP-5771,4734 Emily Well,East Hannah,00756,Townhouse,3.0,,1638.0,2104.0,1026810,72765991
PRP-82781,56618 Lewis Field Suite 913,Grantmouth,51261,Single Family,4.0,3.0,15.0,1990.0,,82189108
PRP-31813,258 Lewis Inlet Suite 170,Carterfurt,21036,townhouse,3.0,5.0,15.0,1910.0,"$657,875.00",78327799
,836 Martha Turnpike Suite 348,,59358,Townhouse,2.0,1.0,1264.0,1903.0,1017338,27433507
PRP-76871,4373 Franco Loaf Suite 273,Conwaytown,31227,Multi-Family,4.0,1.0,4306.0,1984.0,1610599,64635175
PRP-16176,8172 James Flat,Deanstad,93455,Single Family,3.0,4.0,1673.0,1968.0,,37445413
PRP-7650,867 Ramirez Wall Apt. 275,Tonyaview,71456,Single Family,3.0,4.0,3833.0,2035.0,"$355,260.00",96076922
PRP-72521,521 Ward Pass,Teresaville,60868,Multi-Family,5.0,5.0,4050.0,1997.0,426900,91207249
PRP-18124,20125 Daniel Stream,New Jacobton,,Townhouse,5.0,5.0,1692.0,1918.0,1084662,67176618
PRP-86007,2635 Brandon Ville,Perryfort,61253,Condo,5.0,1.0,15.0,1991.0,1202761,88918433
PRP-27647,919 Roman Cliff Suite 262,East Tannerhaven,60891,Townhouse,1.0,3.0,2808.0,2005.0,826940,85151194
PRP-8776,2444 Green Meadow Apt. 838,Haleyfort,79506,Multi-Family,2.0,1.0,2781.0,1983.0,1408432,71442103
PRP-5073,946 Smith Forks,East Stephaniemouth,31824,Single Family,1.0,3.0,2423.0,1960.0,843024,21055155
PRP-84255,086 Hutchinson View,East Rebecca,61161,Multi-Family,2.0,,4517.0,1988.0,756274,77209818
PRP-83454,2011 Spencer Prairie,Josephshire,63379,Condo,1.0,2.0,1766.0,,563708,59149612
PRP-74083,67933 Williams Junction Suite 738,Trevorchester,74220,Single Family,6.0,5.0,2624.0,2011.0,1512240,35449755
PRP-28249,30334 Mcdonald Cliff,Lake Rachelmouth,48368,Multi-Family,6.0,1.0,2992.0,1914.0,664649,73876751
PRP-85220,687 Jennifer Summit,West Michaelstad,60303,Single Family,6.0,1.0,2321.0,,1896871,48044712
PRP-37272,9972 Mccarty Spurs Apt. 677,Dawnberg,98398,Single Family,4.0,4.0,696.0,1975.0,1771893,79605102
PRP-67090,89156 Lopez Harbors,Crawfordfort,58525,Multi-Family,1.0,1.0,3077.0,1911.0,747191,24655626
PRP-57460,34272 James Village Suite 217,Jenniferside,08467,Condo,1.0,4.0,4698.0,1913.0,1810488,74304105
PRP-34668,0012 Alexandra Mount Apt. 012,East Ashley,82702,Multi-Family,6.0,4.0,4072.0,2065.0,938739,53563833
PRP-9845,4600 Murphy Station Apt. 289,West Danielview,44250,Condo,,1.0,3192.0,1903.0,696180,35037120
PRP-22143,61142 Robinson Loop Apt. 585,Emilyville,89522,Multi-Family,4.0,2.0,961.0,1912.0,845713,92831859
PRP-90862,93899 Aaron Lakes Suite 353,East Rodney,11918,Townhouse,4.0,4.0,712.0,2023.0,,51795425
PRP-21365,910 Dawn Expressway,Elizabethland,40188,Townhouse,2.0,,4328.0,1976.0,1552097,79726499
PRP-95572,,Port Sharonbury,09149,Condo,4.0,3.0,,2018.0,1001955,69975312
PRP-26262,74666 Christian Prairie Apt. 832,Smithton,35366,Condo,1.0,3.0,4141.0,1966.0,837306,56971674
PRP-71036,00041 Jacob Trail,North Jonville,55802,Single Family,6.0,1.0,2253.0,,1157374,94754033
PRP-75837,040 Perez Crest Suite 196,West Ronaldfort,72832,Townhouse,3.0,5.0,,1972.0,1747014,22423518
PRP-16326,63379 Patricia Forges,Danielbury,88471,,5.0,1.0,4500.0,1912.0,,54449138
PRP-15429,0723 Hoffman Stream Apt. 893,Elizabethstad,85722,Condo,1.0,3.0,2997.0,1947.0,735982,65971458
PRP-72744,2989 Stephanie Manors Apt. 974,Jorgeborough,96631,Multi-Family,2.0,1.0,4827.0,1902.0,985007,76662040
PRP-73763,7560 Reid Coves,Wellsview,57686,Condo,3.0,2.0,3811.0,1915.0,,88429177
PRP-58566,29271 Brian Gateway Suite 871,South Jean,43345,Condo,1.0,1.0,1545.0,1939.0,1325832,86256861
PRP-64737,858 Raymond Ferry,,35802,Townhouse,6.0,4.0,2736.0,1931.0,1488895,74494450
PRP-84808,58189 Sharp Spur,Arianachester,14449,Multi-Family,6.0,4.0,4079.0,2103.0,,53652895
PRP-19572,5593 Graham Crossing,Sharonborough,62527,Condo,1.0,4.0,4013.0,1976.0,"$645,590.00",41917028
PRP-32197,2480 Phillip Expressway,South Ericberg,32210,Multi-Family,3.0,1.0,2167.0,2008.0,964945,69435702
,43655 Michael Path,Alyssafurt,50009,townhouse,,,2357.0,1915.0,1278560,55985224
PRP-19588,45110 Ashley Row,Combston,47184,Single Family,2.0,4.0,15.0,1938.0,1845573,92728311
PRP-71219,231 James Divide,Lake Kevinland,08232,,1.0,5.0,4092.0,1997.0,300636,96923045
PRP-74338,44389 Courtney Pines,East Susanmouth,90893,Multi-Family,1.0,1.0,3909.0,2012.0,1577188,64218454
PRP-29868,352 Janet Plains,Alvaradoport,38182,Multi-Family,5.0,1.0,2876.0,1920.0,417797,91802528
PRP-55914,085 Melissa Stravenue,North Justinton,18278,Single Family,6.0,2.0,565.0,1919.0,1888996,33977157
PRP-87821,40964 Reyes Gateway Suite 960,,20383,,2.0,4.0,1389.0,1942.0,,97545991
PRP-97449,205 Smith Fords Apt. 000,New Aprilbury,38733,Multi-Family,6.0,3.0,2028.0,1930.0,1468439,54044175
PRP-54982,813 West Island Apt. 094,Lake Michelle,14801,Multi-Family,1.0,3.0,4598.0,1963.0,457516,57753875
PRP-46488,0263 Morgan Springs Apt. 430,South Nicholaschester,37173,Townhouse,6.0,,1741.0,1996.0,1680219,89064738
PRP-42102,5025 Christensen Park,West David,13262,Multi-Family,2.0,2.0,2184.0,1939.0,"$1,006,390.00",92626084
PRP-22308,4884 Aguilar Mill Apt. 857,Cynthiashire,46183,Condo,2.0,2.0,,2023.0,"$1,151,973.00",75583149
PRP-34668,0012 Alexandra Mount Apt. 012,East Ashley,82702,Multi-Family,6.0,4.0,4072.0,2065.0,938739,53563833
PRP-31976,804 Phyllis Lodge,East Rachelshire,80455,Condo,2.0,5.0,,1906.0,1975384,63904532
PRP-95460,920 White Drives,Lake Robert,22939,Single Family,3.0,1.0,15.0,,788272,52102682
PRP-12103,232 Harris Motorway Suite 906,New Lauramouth,39849,Single Family,6.0,5.0,1347.0,1914.0,1062860,32093323
PRP-60599,81793 Johnson Walk Suite 277,Stephanieport,38990,Townhouse,3.0,,1191.0,1953.0,870912,45027182
PRP-17836,5759 Morris Port,North George,97094,single family,4.0,1.0,1812.0,2018.0,784721,88845593
PRP-93220,996 Walker Points,Lindaberg,94894,Single Family,2.0,4.0,4502.0,1938.0,1542807,47687150
PRP-16616,898 Amy Stream Apt. 678,North Joseph,58546,Multi-Family,5.0,2.0,4807.0,1942.0,1293759,95718580
,971 Smith Isle,Ruthview,43588,Single Family,2.0,,4575.0,1912.0,1787633,22466071
PRP-90021,37730 Parsons Valley,Port Nicholas,,Condo,1.0,4.0,1361.0,1950.0,1018674,32223348
PRP-1145,29462 Mary Ramp Apt. 556,,28631,Townhouse,5.0,2.0,1962.0,1925.0,145072,49635289
PRP-37848,384 Santos Row,New Williamton,63754,Condo,,,824.0,1966.0,1760482,87635726
PRP-85697,774 Steven Field,West Jaredmouth,08161,,1.0,2.0,3787.0,,674329,52497984
PRP-57061,42192 Stokes Fall,East Isaacport,90963,Condo,6.0,4.0,3519.0,1918.0,1991983,91959125
,0200 Eric Inlet Suite 393,East Davidville,43227,Multi-Family,2.0,3.0,1170.0,2012.0,1299192,
PRP-79818,473 Thompson Creek Apt. 290,South Derekport,60895,Condo,3.0,5.0,2434.0,1951.0,600135,32534144
PRP-833,65118 Sandy Harbors Apt. 655,Hawkinsburgh,04026,Single Family,2.0,4.0,,1983.0,"$607,049.00",89629824
PRP-49434,83647 James Plaza,Cooperside,22135,Single Family,,1.0,3591.0,1940.0,1966640,39013089
PRP-69323,688 Oneal Mountain Suite 996,Alexandrachester,22376,,2.0,3.0,4302.0,1962.0,1274038,85321606
PRP-35339,1358 Taylor Overpass Apt. 743,,73894,Multi-Family,5.0,2.0,2625.0,1923.0,1841787,
PRP-11157,611 William Parks Suite 296,South Jessica,51894,Townhouse,2.0,4.0,3987.0,1987.0,1678371,88819808
PRP-8589,,Rickeyburgh,03215,Single Family,2.0,4.0,3905.0,,,23518760
PRP-49803,1748 Christopher Stream,South Noahmouth,,multi-family,3.0,3.0,832.0,1910.0,788107,92187304
PRP-57061,42192 Stokes Fall,East Isaacport,90963,Condo,6.0,4.0,3519.0,1918.0,1991983,91959125
PRP-61821,172 Rachel Neck Suite 545,Timothyfurt,20785,Single Family,4.0,1.0,2969.0,1978.0,1413205,81672668
PRP-98394,84376 Morris Parks Suite 793,Drewland,79269,Condo,3.0,3.0,889.0,2038.0,1302760,89234700
PRP-53843,89455 Nicholas Avenue,North Brookeshire,39971,,6.0,5.0,2891.0,1985.0,239972,56057738
PRP-39335,245 Silva Keys,South Benjaminville,14434,Townhouse,3.0,2.0,,1930.0,1265470,82977444
PRP-40251,029 Williams Way Suite 480,,31500,Townhouse,4.0,3.0,,1914.0,308317,43923359
PRP-36350,61137 Sarah Pike,West Christopherside,85142,Multi-Family,1.0,4.0,679.0,1952.0,254299,97402250
PRP-36927,50583 John Flats Apt. 311,Melindahaven,65972,Single Family,4.0,4.0,2754.0,1980.0,1469850,94761190
PRP-43354,708 Arellano Common Apt. 145,Jaimemouth,52477,Condo,1.0,3.0,4019.0,1976.0,1646506,25448867
PRP-73793,62483 Wood Causeway,,76106,Townhouse,3.0,,2691.0,2014.0,"$417,044.00",38231826
PRP-83393,10401 King Pines,New Rosetown,34790,Single Family,2.0,1.0,15.0,2016.0,858410,48455786
PRP-60850,21192 Noah Forges,Younghaven,88271,Condo,6.0,5.0,4139.0,1910.0,1792236,
PRP-78833,,West Shelby,50023,Multi-Family,,1.0,15.0,1984.0,1319718,35883591
PRP-90521,5006 Michael Square,South James,77684,Condo,3.0,5.0,790.0,2019.0,1071100,91586828
PRP-18035,037 Sonia Coves Suite 088,Port Christinaberg,,Multi-Family,4.0,1.0,3563.0,,1395991,31294670
PRP-23631,032 May Knoll Suite 132,Ortizmouth,79495,Condo,1.0,4.0,767.0,1901.0,155043,49097134
PRP-17743,04276 Robert Walks Apt. 444,Wilsonshire,30636,Multi-Family,2.0,1.0,,,148114,83765129
PRP-99523,165 Richard Locks,North Evelyn,08029,multi-family,3.0,4.0,981.0,2003.0,798654,49474450
PRP-99951,04120 Veronica Center,,63325,Townhouse,4.0,2.0,3528.0,2003.0,880875,46398106
PRP-31751,11804 Sutton Overpass Suite 130,Caldwellbury,73755,Multi-Family,4.0,5.0,1545.0,2033.0,119917,47733070
PRP-91067,21224 Sylvia Union Suite 677,Richardmouth,80883,Multi-Family,2.0,4.0,2786.0,2007.0,"$438,410.00",49581295
PRP-69936,34686 Grace Forge,South Alexanderside,52845,Townhouse,5.0,1.0,4588.0,1983.0,1056296,85206762
PRP-66639,88158 Jordan Isle,Port Gregory,56563,Condo,5.0,3.0,4337.0,1916.0,1952148,68407395
PRP-98394,84376 Morris Parks Suite 793,Drewland,79269,Condo,3.0,3.0,889.0,2038.0,1302760,89234700
PRP-15095,16612 Bobby River,South Derekmouth,87233,,6.0,4.0,2181.0,1951.0,486388,24711162
PRP-71573,416 Larry Wells Suite 154,East Caseyshire,01026,Single Family,3.0,1.0,4211.0,1941.0,"$1,634,161.00",43161797
,948 Gonzalez Center Suite 791,Kimmouth,16156,Multi-Family,3.0,3.0,3874.0,1944.0,218382,53534844
PRP-97929,0537 Patterson Turnpike,New Heatherville,98325,Condo,6.0,5.0,4868.0,,1348956,54585902
PRP-16802,913 Jennifer Fort,Lake Brandon,09964,Multi-Family,3.0,5.0,3965.0,1911.0,,89307033
PRP-52142,221 Eric Way,Ortizberg,07513,Single Family,6.0,2.0,15.0,1959.0,1408455,53448876
PRP-28249,30334 Mcdonald Cliff,Lake Rachelmouth,48368,Multi-Family,6.0,1.0,2992.0,1914.0,664649,73876751
PRP-80276,0798 Ryan Throughway,Williamsmouth,,Condo,3.0,5.0,4253.0,1910.0,121643,92366296
PRP-79116,54873 Davis Spur Apt. 908,Jonesburgh,61210,Townhouse,4.0,5.0,3055.0,1987.0,1863893,93317672
PRP-17810,942 Kelly Lane Suite 489,,,Single Family,3.0,1.0,1361.0,1964.0,"$1,707,548.00",75198388
PRP-65949,03195 Wilson Loop Suite 645,West Tonytown,28756,Condo,2.0,3.0,1617.0,1903.0,"$641,897.00",67743883
PRP-14224,31261 Perez Via,West Jennifer,94050,Multi-Family,4.0,5.0,2882.0,1904.0,1122354,85979410
PRP-69932,769 Brian Falls,Port David,07153,Single Family,2.0,3.0,2074.0,1960.0,821100,93379317
PRP-13767,999 Christopher Valley Suite 003,Samanthafort,15807,,5.0,1.0,2835.0,1902.0,"$1,449,866.00",25725659
PRP-33879,743 Wiley Greens Apt. 882,East Brandon,43517,Single Family,4.0,4.0,1825.0,1917.0,841841,81056885
PRP-6113,78105 Banks Shoals Apt. 002,Gatesburgh,96116,Condo,2.0,5.0,2269.0,1975.0,853014,62317914
PRP-91752,79726 Johnston Pine,,15036,Townhouse,1.0,3.0,1834.0,2013.0,472735,88034077
PRP-97331,39304 Ryan Junction Apt. 802,Curtisport,68788,Single Family,3.0,1.0,1443.0,1918.0,709382,92996896
PRP-35215,06541 Janet Fork,Aaronmouth,71496,Single Family,4.0,,2076.0,1906.0,1430363,43093057
PRP-41721,93913 Joshua Ville,Port Jennifershire,91003,Single Family,3.0,2.0,736.0,1910.0,1065178,95645412
PRP-75464,0911 Jones Village,New Paulabury,47391,Single Family,4.0,1.0,15.0,1966.0,123167,44347731
PRP-31902,9007 Christina Corners,Port Kimberly,86267,Townhouse,6.0,5.0,1312.0,1911.0,1790178,31911269
PRP-40130,396 Smith Rue,Jacksonborough,17471,Condo,2.0,2.0,574.0,1946.0,1622443,37943418
,6343 Matthew Rapid,,,Townhouse,4.0,5.0,4986.0,1994.0,,98111448
PRP-98858,190 Douglas Mill,,18544,townhouse,3.0,3.0,4029.0,1905.0,1967891,83444421
PRP-52076,52394 Donald Street,,,Condo,5.0,3.0,2692.0,2012.0,1481355,64147794
PRP-19456,,Port Marcus,24489,Condo,3.0,2.0,3197.0,1932.0,734840,62953258
PRP-834,8254 Stephanie Cliff,Port Lisa,93243,Condo,1.0,4.0,15.0,2022.0,814713,29416465
PRP-44126,631 Marc Cape,Lisaview,32518,Condo,6.0,1.0,1316.0,1948.0,905286,22121222
PRP-28931,906 John Tunnel,Jonathanfurt,50473,Multi-Family,3.0,4.0,2092.0,1950.0,"$179,219.00",23562878
PRP-84570,3882 Joseph Land Suite 148,Julietown,08754,Single Family,5.0,1.0,1433.0,1994.0,"$1,487,430.00",92833985
PRP-8488,28516 Ernest Knolls Apt. 648,North Wayne,75719,Single Family,2.0,1.0,1955.0,2004.0,1833243,91274058
PRP-51950,1880 Barbara Glens,Lake Jeremy,93529,Condo,5.0,2.0,2013.0,1985.0,"$837,219.00",21923384
PRP-13629,548 Pedro Inlet,Port Mary,00626,Single Family,5.0,5.0,1371.0,1992.0,1663992,87695216
PRP-85736,229 Wilson Islands Suite 302,Leslieshire,53221,Single Family,5.0,2.0,2890.0,1905.0,1441370,43843178
PRP-47237,8900 Marshall Rapids,Anthonyville,65372,Multi-Family,3.0,2.0,1832.0,1969.0,,83918167
PRP-67000,8191 Travis River,North Samuel,06217,single family,6.0,5.0,3711.0,2007.0,1698390,69573605
,2303 Moran Turnpike Apt. 028,Stephenshire,97677,Condo,3.0,4.0,2795.0,2016.0,1371968,35414028
PRP-31549,719 Gill Point,Williamsville,83121,Condo,4.0,1.0,4870.0,2017.0,1206276,24451266
PRP-34329,563 Edward Mission,Roseton,00583,Multi-Family,5.0,5.0,2296.0,1989.0,"$282,976.00",54701046
PRP-46538,495 Ralph Forges,Port Curtis,,Multi-Family,1.0,4.0,803.0,1984.0,1445251,46881947
PRP-35503,135 Samantha Road Suite 486,Lake Theresa,52382,Single Family,,1.0,2858.0,1982.0,1947578,94555873
PRP-15722,5461 Rodriguez Expressway,South Marymouth,34164,Townhouse,4.0,2.0,2325.0,1999.0,1053427,82174204
PRP-63359,8476 Stephanie Hills Suite 128,Port Kristen,33103,Single Family,2.0,3.0,2223.0,2010.0,1966982,45496196
PRP-95749,6042 Tiffany Manor Apt. 460,New Christopherbury,01398,Multi-Family,4.0,4.0,3971.0,1976.0,1666738,69356222
PRP-32804,112 Matthew Pike,South Vickie,99763,Condo,,4.0,935.0,2024.0,,23354000
PRP-42338,60119 Chang Islands,Davishaven,53873,Townhouse,5.0,5.0,1703.0,1989.0,947119,97594360
PRP-44951,263 Lisa Estate,New Carolyn,19884,Multi-Family,5.0,1.0,991.0,2007.0,882193,67429314
PRP-13717,2463 Lisa Wall Suite 424,East Marie,85527,Single Family,3.0,1.0,4177.0,1948.0,1171699,56151217
PRP-67173,699 Mcneil Pines Apt. 904,Timothyberg,63329,Townhouse,6.0,4.0,1588.0,1942.0,,79718899
PRP-55009,8268 Moore Rest,Gloverhaven,31182,Single Family,4.0,4.0,3051.0,1921.0,1613459,53507947
PRP-68679,33373 Sharon Island Suite 235,Rodriguezside,10875,Single Family,1.0,5.0,1972.0,2023.0,139790,69054371
PRP-11273,64154 Rodriguez Views Suite 313,West Christine,28611,Townhouse,1.0,3.0,4537.0,2015.0,1576495,51074212
PRP-67291,10217 Curtis Fields,Aprilchester,22995,Condo,1.0,1.0,2941.0,1949.0,307081,72457763
PRP-27456,46682 Edward Junction Suite 495,West Jonathan,23054,Single Family,1.0,3.0,589.0,2091.0,789689,55766268
PRP-5121,39865 Reynolds Drive,East Cameronburgh,26623,,5.0,5.0,,1973.0,901961,28603138
PRP-46071,7681 Barker River,Stacyfort,04082,Condo,4.0,1.0,3074.0,1915.0,1077066,36323226
PRP-9077,57644 Marsh Haven Suite 000,South Tammy,61353,Condo,3.0,1.0,3268.0,2016.0,1524098,59519832
PRP-29672,83391 Theresa Rue Suite 062,East Zachary,67961,Condo,1.0,5.0,1516.0,1939.0,595759,88754990
PRP-833,65118 Sandy Harbors Apt. 655,Hawkinsburgh,04026,Single Family,2.0,4.0,,1983.0,"$607,049.00",89629824
PRP-20337,502 Lisa Ridge,Robertmouth,,Single Family,5.0,2.0,1244.0,2110.0,206861,85179601
PRP-29990,3659 Delacruz Place Apt. 785,West Tonya,67879,Multi-Family,1.0,5.0,15.0,1906.0,"$1,719,860.00",88854305
PRP-55009,8268 Moore Rest,Gloverhaven,31182,Single Family,4.0,4.0,3051.0,1921.0,1613459,53507947
PRP-33879,743 Wiley Greens Apt. 882,East Brandon,43517,Single Family,4.0,4.0,1825.0,1917.0,841841,81056885
PRP-43649,12900 Preston Shoals Apt. 117,Port Danielle,83509,Condo,5.0,2.0,589.0,1950.0,1846256,87968443
PRP-26828,51742 Keith Greens,East Robert,14641,Condo,6.0,5.0,617.0,1947.0,1806618,71165947
PRP-42233,00730 Smith Shores Suite 560,Michelleland,18075,,,3.0,,1958.0,1133871,39663425
PRP-36357,7548 Calhoun Walk Suite 876,,91127,single family,1.0,2.0,2982.0,2013.0,1580713,
PRP-72423,23009 Matthew Mall,New Davidhaven,02220,Multi-Family,6.0,3.0,3813.0,1999.0,513759,61861605
,3970 Floyd Radial,Powellville,59951,Multi-Family,5.0,5.0,,2021.0,341343,61626215
PRP-71589,6241 Lopez Trace,Jenniferfort,23818,Single Family,6.0,1.0,4912.0,2003.0,1971859,97883022
PRP-41648,7895 Martinez Forge,Jonesside,39393,Multi-Family,1.0,3.0,4080.0,1923.0,,29809649
PRP-46860,94565 Kevin River Suite 990,Rowlandfort,42395,multi-family,6.0,1.0,1981.0,2006.0,844116,85344510
PRP-15527,49860 Tyler Courts Suite 003,North Yvonne,26930,Townhouse,,1.0,1516.0,1957.0,"$458,906.00",77057272
PRP-34441,378 Benson Crossroad,Lake James,38377,Condo,1.0,3.0,636.0,1981.0,855405,29266333
PRP-90959,085 Linda Heights,North Jennifer,59890,Multi-Family,6.0,4.0,4105.0,1988.0,1126642,89433668
PRP-47965,347 Jordan Keys Suite 176,East Shelby,99704,Single Family,5.0,4.0,4016.0,1925.0,1289383,74822052
PRP-15704,4034 Brittany Trace,New Trevorside,62090,Townhouse,3.0,2.0,15.0,1944.0,,95869773
PRP-10899,12275 Wiggins Circle,East Michelleton,10847,Single Family,3.0,1.0,3594.0,1915.0,680412,34501486
PRP-94166,33510 Smith Radial,Martinezview,84782,Multi-Family,3.0,5.0,3455.0,1988.0,1513067,89235958
PRP-84712,33138 Bradley Ports Apt. 211,Port Edwin,23162,Townhouse,3.0,1.0,4999.0,1933.0,1614310,45185831
PRP-18825,223 Murphy Estate,South Erikastad,02445,Single Family,3.0,5.0,1331.0,1931.0,1700081,44117664
PRP-9552,65426 Justin Mount Suite 290,,92573,Multi-Family,6.0,1.0,3652.0,1937.0,1373335,58293345
PRP-62694,7368 Michelle Bridge,Kathyfurt,71361,Multi-Family,5.0,4.0,15.0,1961.0,160621,87484829
PRP-30486,72629 Beck Falls Apt. 661,Elizabethhaven,04048,Townhouse,1.0,2.0,2220.0,1968.0,343657,27646692
PRP-62202,26773 Lauren Trail,East Samuel,51540,Condo,6.0,1.0,3981.0,1989.0,1220560,73509652
,92360 Stuart Place,North Erinside,58340,Single Family,1.0,4.0,1455.0,1901.0,460155,95717637
PRP-43895,55868 Robinson Keys Suite 137,Port Heather,99240,Townhouse,5.0,3.0,3385.0,1920.0,1893354,56172119
PRP-57086,9246 Douglas Forks,Kingfurt,61626,Single Family,6.0,4.0,15.0,1907.0,1902678,34215882
PRP-40159,0234 Vincent Curve,West Douglas,85428,Multi-Family,1.0,3.0,4300.0,1952.0,1820541,81077138
PRP-53390,6799 Sandra Village,South Joseph,85967,Multi-Family,6.0,2.0,3641.0,1990.0,987705,61742561
PRP-98457,715 Joe Plains,Westfort,26189,,6.0,2.0,4680.0,1936.0,195388,48569750
PRP-96753,99074 Thomas River Suite 694,Port Samuelfurt,63996,Single Family,2.0,2.0,3123.0,1918.0,919146,98388838
PRP-91610,63355 Hill Stravenue Suite 369,Yushire,32492,,6.0,5.0,1276.0,1975.0,806400,61689700
PRP-5056,71261 Newman View,New Erica,83354,Townhouse,3.0,3.0,,2011.0,1773731,53801161
PRP-73580,384 Brady Canyon,East Kevinside,01150,Single Family,1.0,1.0,3980.0,2013.0,"$372,762.00",93198309
PRP-16880,03083 Myers Rest Apt. 062,Jonesborough,13601,Townhouse,6.0,5.0,1646.0,1991.0,892022,52076371
PRP-36010,049 Helen Overpass Apt. 742,West Carolynchester,14876,Townhouse,4.0,2.0,1070.0,2014.0,"$1,863,827.00",97957020
PRP-99411,17518 Dixon Orchard Suite 151,Gregoryborough,71975,Townhouse,5.0,3.0,4069.0,2014.0,445996,78549049
PRP-49572,53428 Nicholas Glens Suite 161,North Cindymouth,42880,Multi-Family,1.0,5.0,1775.0,2021.0,1085593,47554497
PRP-83179,8464 Theresa Crossing,East Elizabethside,00661,Townhouse,5.0,1.0,3615.0,1907.0,1795617,79088046
PRP-40729,002 Goodwin Alley Apt. 869,Solomonfurt,08706,Multi-Family,6.0,5.0,1587.0,1997.0,390502,98798371
PRP-44659,8210 Livingston Point,Millstown,62324,Multi-Family,1.0,5.0,,1963.0,1384129,25025889
,,West Sharonburgh,71180,Single Family,2.0,1.0,3993.0,1931.0,"$1,054,254.00",82029630
PRP-59905,05459 Kim Club Suite 006,Comptonfurt,55824,Condo,5.0,4.0,4771.0,1941.0,484922,97441099
PRP-58089,333 Campbell Mountains Suite 041,Lake Alan,02133,Condo,6.0,4.0,3405.0,2016.0,1553119,89421162
PRP-77415,69984 Stephanie Crossroad Apt. 509,Lake Meagan,57274,Condo,5.0,4.0,4200.0,1905.0,102099,99495739
PRP-15306,159 Riley Place Apt. 845,Thompsontown,94373,Townhouse,3.0,1.0,3233.0,1915.0,856009,31443475
PRP-13614,3228 Veronica Avenue,Barbaraborough,65073,Townhouse,2.0,2.0,15.0,2011.0,143016,
PRP-17145,5401 Chen Rapids,Jeremyton,01701,Condo,3.0,4.0,4471.0,1959.0,243103,36614969
PRP-15534,0805 Grant Land Suite 670,Hallfurt,20551,Multi-Family,1.0,2.0,3149.0,1996.0,1759429,
PRP-73044,11457 Hunter Gardens Apt. 102,New Jacobborough,58972,Townhouse,6.0,5.0,2736.0,1996.0,1755686,84648795
PRP-87916,33474 Joseph Fords,North Kevinmouth,94113,Condo,2.0,3.0,1442.0,2010.0,652663,57828031
PRP-35339,1358 Taylor Overpass Apt. 743,,73894,Multi-Family,5.0,2.0,2625.0,1923.0,1841787,
PRP-33462,686 Jason Light Apt. 088,Larryview,03598,Multi-Family,3.0,5.0,1797.0,1955.0,584378,38273069
PRP-38089,,Jessicaberg,61538,Condo,4.0,4.0,15.0,2014.0,1062074,71308251
PRP-69584,04384 Christine Lock,East Ashley,27111,Multi-Family,1.0,5.0,2818.0,1936.0,1560406,58179978
PRP-8089,8067 Kennedy Course,Port Jacob,74350,Townhouse,2.0,5.0,1551.0,1939.0,1647289,26116810
PRP-21845,52102 Taylor Mount Apt. 664,North Maryburgh,35963,Multi-Family,5.0,3.0,1632.0,2002.0,1471441,
PRP-393,2036 William Square Suite 118,Courtneyville,29517,Townhouse,2.0,3.0,3764.0,1948.0,1380959,24646410
PRP-74655,693 Hayes Parks,Lindaton,63043,Townhouse,1.0,1.0,1128.0,1993.0,603393,32691940
PRP-50393,968 Higgins Drives,West Zachary,26211,Multi-Family,2.0,5.0,,2022.0,"$1,782,034.00",77986613
PRP-90105,3605 Chad Common Suite 039,Clarkmouth,33079,Condo,6.0,,1282.0,1950.0,1565164,23453587
PRP-54104,489 Holder Drive,East Lawrence,36136,Townhouse,2.0,1.0,2262.0,1984.0,,
PRP-18461,9893 Cooper Ranch Suite 471,,82343,Multi-Family,6.0,5.0,1158.0,1966.0,"$495,991.00",82697993
PRP-98084,436 Nicole Divide Suite 426,South Kristihaven,09059,Multi-Family,3.0,5.0,890.0,1970.0,260500,26252763
PRP-2209,7975 Orozco Inlet Apt. 579,Nathanchester,23108,Townhouse,2.0,3.0,2524.0,1906.0,1420071,69933071
PRP-43387,0018 Jennifer Locks,,67896,Townhouse,2.0,1.0,3794.0,1983.0,763203,24984485
PRP-5490,0236 Robert Views,South Amy,33943,Townhouse,2.0,3.0,4393.0,2091.0,871205,61211570
PRP-18314,50014 Amy Grove,Port Cody,97890,Townhouse,5.0,1.0,1036.0,2011.0,739447,34453781
PRP-98383,04436 Lisa Walk,Danielland,45968,Single Family,4.0,3.0,2100.0,1925.0,1443340,59042120
PRP-33735,6329 Gutierrez Grove,South Samantha,62650,Condo,5.0,2.0,572.0,2012.0,1758106,96159602
PRP-75362,8912 Fernandez Lodge,Jessicaside,54715,Single Family,5.0,,1555.0,2020.0,1434362,88453846
PRP-834,8254 Stephanie Cliff,Port Lisa,93243,Condo,1.0,4.0,15.0,2022.0,814713,29416465
PRP-44755,999 Hannah Creek,New Caitlinmouth,63375,Townhouse,4.0,5.0,1327.0,1964.0,,41247260
PRP-68799,65993 Emily Street,East Barryborough,07147,Condo,4.0,4.0,,2076.0,694317,48641562
PRP-16368,,Lesterport,71435,Condo,2.0,4.0,1647.0,2095.0,1206142,65817742
PRP-17289,30044 Charles Light,East Jenniferbury,74762,Multi-Family,5.0,4.0,1543.0,1941.0,1675149,86137370
PRP-90010,09001 Davila Stravenue Suite 463,East Christine,75292,Single Family,5.0,3.0,806.0,1958.0,1479439,86819433
PRP-23943,9737 Craig Dam,Lake Tiffany,79826,Multi-Family,4.0,5.0,1333.0,2094.0,"$1,971,556.00",41666959
PRP-16326,63379 Patricia Forges,Danielbury,88471,,5.0,1.0,4500.0,1912.0,,54449138
PRP-67290,236 Pace Views,Richardchester,06125,Single Family,1.0,5.0,4532.0,2001.0,1077318,54009157
PRP-32032,7744 Susan Mall Apt. 936,Chelseastad,18054,Townhouse,4.0,2.0,4763.0,1969.0,"$695,439.00",51959383
PRP-25671,24707 Christine Bypass,Lake Rhondaborough,48557,Condo,2.0,4.0,,1960.0,141162,96994975
PRP-6598,78931 Franklin Drives Suite 284,Suzanneport,07502,Townhouse,2.0,3.0,3614.0,1973.0,1645428,24182013
PRP-96849,904 George Estate,Lake Brandon,24014,Condo,1.0,3.0,4296.0,1918.0,1094027,81222908
PRP-8819,5742 Kathleen Flat,New Patrickfurt,29367,Multi-Family,5.0,3.0,1425.0,1940.0,1244510,85865036
PRP-45145,7756 Cheryl Fork,,03504,Condo,6.0,1.0,1966.0,,1122371,84063608
PRP-77152,15391 Linda Turnpike Apt. 074,Lake Katherine,96008,Single Family,2.0,,613.0,1924.0,334697,28124083
PRP-43061,,Lisaview,92072,Condo,3.0,4.0,4110.0,1980.0,1409506,39893721
PRP-86288,572 Mcgee Station Suite 592,Port Kristaview,55000,Multi-Family,1.0,2.0,2164.0,1924.0,1907612,63949096
PRP-98530,532 Angela Island Apt. 263,East Christopherview,64235,Multi-Family,3.0,1.0,15.0,1975.0,146633,74867394
PRP-86580,177 Summers Loop Apt. 992,Brendanstad,84363,Condo,3.0,3.0,3460.0,1995.0,1733279,73435521
PRP-72007,717 Bryan Spur,East Scott,94505,Condo,5.0,5.0,15.0,1958.0,905138,99148014
,0920 Wilson Unions Suite 238,East Jaimeburgh,,Multi-Family,1.0,3.0,2333.0,2019.0,1307901,37596623
PRP-61928,5882 Moss Key,Thompsonfurt,49274,Townhouse,2.0,2.0,1566.0,1910.0,990880,31791308
PRP-8776,2444 Green Meadow Apt. 838,Haleyfort,79506,Multi-Family,2.0,1.0,2781.0,1983.0,1408432,71442103
PRP-13372,27643 Angela Falls,North Michael,38415,,4.0,1.0,4455.0,1953.0,1198410,22705491
PRP-81995,287 Gilmore Gateway Apt. 638,South Josephberg,88712,Multi-Family,5.0,4.0,1313.0,1919.0,1457052,74423257
PRP-34774,788 Bailey Fords Suite 852,Lake Amanda,08480,Townhouse,3.0,1.0,4740.0,1975.0,1479248,41584889
,0777 Myers Centers Suite 266,New Derrick,03051,Single Family,2.0,1.0,3030.0,1971.0,1452997,37592395
PRP-82860,965 Cobb Ville Suite 282,,11377,single family,6.0,,884.0,1935.0,980934,94231084
PRP-56219,034 Johnson Port Suite 617,Mosleyland,68106,Condo,5.0,4.0,2756.0,1925.0,115609,45562048
PRP-69,42620 Cindy Run,Davisland,20118,Single Family,6.0,3.0,4537.0,2003.0,1933651,25349334
PRP-18581,55996 Taylor Manors,East Sheila,24198,Single Family,2.0,3.0,1657.0,1910.0,613898,31127823
PRP-48740,018 Richards Branch,Nicoleberg,42382,Townhouse,4.0,4.0,2390.0,1980.0,"$382,294.00",22011865
PRP-23004,5506 Ryan Coves,Simsfort,56137,Condo,3.0,4.0,1302.0,1918.0,1592418,89487751
,92360 Stuart Place,North Erinside,58340,Single Family,1.0,4.0,1455.0,1901.0,460155,95717637
PRP-32640,649 Smith Crescent,Garzaview,91111,Condo,3.0,1.0,3510.0,1965.0,519160,95567358
PRP-56020,053 Brown Port,East Bradley,61105,Single Family,3.0,1.0,1711.0,2033.0,1369690,97973414
,091 Cory Corner Apt. 786,New Valerietown,19155,Single Family,4.0,5.0,2241.0,1923.0,521403,28673993
PRP-69361,313 Garza Spur Apt. 669,,13552,Single Family,3.0,2.0,1306.0,1915.0,249629,71399946
PRP-8089,8067 Kennedy Course,Port Jacob,74350,Townhouse,2.0,5.0,1551.0,1939.0,1647289,26116810
PRP-97295,96914 Jason Locks Apt. 999,Pamelachester,34840,Multi-Family,,,3076.0,1996.0,919234,72322595
PRP-52819,1459 Kari Underpass Apt. 079,Estradaville,33572,Multi-Family,5.0,5.0,3255.0,1954.0,1046132,95427700
PRP-12960,67286 Christopher Stream Apt. 038,Karenside,15453,Single Family,4.0,1.0,4225.0,1940.0,455923,62652116
PRP-2253,441 Craig Station Suite 388,New Dwaynebury,00831,Condo,5.0,1.0,3658.0,1936.0,1362070,56394562
,0777 Myers Centers Suite 266,New Derrick,03051,Single Family,2.0,1.0,3030.0,1971.0,1452997,37592395
